task_display,task,strategy,seed,n_dev,n_test,include_current,val_micro_f1,val_macro_f1,test_micro_f1,test_macro_f1,test_micro_p,test_micro_r,model_path
current,state_current,text_only,12,25295,22770,True,0.6062841675070325,0.5911765170199244,0.6243389261936412,0.6059929551608391,0.5105862812246307,0.8033061248458512,finetuned_bert_tiny_state_current_text_only_seed12.pt
current,state_current,text_only,24,25295,22770,True,0.6119846776137794,0.5957852857188054,0.6247574216252609,0.6049360256727863,0.5082527087111414,0.8105584590991838,finetuned_bert_tiny_state_current_text_only_seed24.pt
current,state_current,text_only,42,25295,22770,True,0.6151244261899009,0.5983622379517631,0.6252349070429011,0.6067546337312912,0.5137171944205725,0.798593575665042,finetuned_bert_tiny_state_current_text_only_seed42.pt
current,state_current,text_only,73,25295,22770,True,0.6101820100237404,0.596671472579029,0.6223171808677321,0.6055337515471048,0.508505665788322,0.8017646367960538,finetuned_bert_tiny_state_current_text_only_seed73.pt
current,state_current,text_only,105,25295,22770,True,0.6072281649184754,0.5929960664367836,0.6249752218704514,0.60566048767036,0.5087551059925681,0.8100152680721123,finetuned_bert_tiny_state_current_text_only_seed105.pt
current,state_current,text_plus_vadlex_emoflow,12,25295,22770,True,0.610749317696652,0.5955062228858095,0.6264876921392221,0.6066187423407517,0.5156986839483447,0.7979035762522755,finetuned_bert_tiny_state_current_text_plus_vadlex_emoflow_seed12.pt
current,state_current,text_plus_vadlex_emoflow,24,25295,22770,True,0.6137124193505207,0.5958905304165101,0.6269356188497388,0.6055749701475359,0.5165336807768024,0.797360385225204,finetuned_bert_tiny_state_current_text_plus_vadlex_emoflow_seed24.pt
current,state_current,text_plus_vadlex_emoflow,42,25295,22770,True,0.6154300440244819,0.5975459643484924,0.626256989734826,0.606758727642267,0.5183695463905621,0.7908567737389159,finetuned_bert_tiny_state_current_text_plus_vadlex_emoflow_seed42.pt
current,state_current,text_plus_vadlex_emoflow,73,25295,22770,True,0.6137361010149961,0.5980573055332097,0.6253635566225013,0.6065294113298713,0.51519415814095,0.7954665570497387,finetuned_bert_tiny_state_current_text_plus_vadlex_emoflow_seed73.pt
current,state_current,text_plus_vadlex_emoflow,105,25295,22770,True,0.609198727220133,0.593025369445624,0.6252225704972495,0.6057519746750655,0.5103788392417643,0.8067561219096835,finetuned_bert_tiny_state_current_text_plus_vadlex_emoflow_seed105.pt
current,state_current,text_plus_vadbert_global,12,25295,22770,True,0.6097476112731847,0.5949828248451927,0.6230476311546929,0.6056801110682897,0.5137264991471561,0.7914733689588349,finetuned_bert_tiny_state_current_text_plus_vadbert_global_seed12.pt
current,state_current,text_plus_vadbert_global,24,25295,22770,True,0.6136810625858771,0.5973733529624459,0.6237450514187386,0.6036512718881694,0.5163277287470044,0.7875976275764872,finetuned_bert_tiny_state_current_text_plus_vadbert_global_seed24.pt
current,state_current,text_plus_vadbert_global,42,25295,22770,True,0.6134606759359418,0.5973950396695105,0.6229403841016693,0.604574032411587,0.5082307770780973,0.8045246344471196,finetuned_bert_tiny_state_current_text_plus_vadbert_global_seed42.pt
current,state_current,text_plus_vadbert_global,73,25295,22770,True,0.6173682214637846,0.6027281585567867,0.6265086871295537,0.6077513750261364,0.51880930591012,0.7906365611603735,finetuned_bert_tiny_state_current_text_plus_vadbert_global_seed73.pt
current,state_current,text_plus_vadbert_global,105,25295,22770,True,0.611076181494289,0.5949285147984014,0.625853230395966,0.6066001204911452,0.5053673158004026,0.8217746197662811,finetuned_bert_tiny_state_current_text_plus_vadbert_global_seed105.pt
current,state_current,text_plus_vadbert_emoflow,12,25295,22770,True,0.611508855035797,0.5955814728657921,0.6264326812428078,0.6058879408761753,0.5150921615381704,0.799180809207822,finetuned_bert_tiny_state_current_text_plus_vadbert_emoflow_seed12.pt
current,state_current,text_plus_vadbert_emoflow,24,25295,22770,True,0.6112517135927449,0.5950872573525946,0.6262475674568402,0.6065575688503174,0.5112983851485701,0.8078718656409654,finetuned_bert_tiny_state_current_text_plus_vadbert_emoflow_seed24.pt
current,state_current,text_plus_vadbert_emoflow,42,25295,22770,True,0.6152187064362555,0.5983547393173911,0.6265057509055764,0.6075269492503805,0.5102917139928526,0.8112631393505197,finetuned_bert_tiny_state_current_text_plus_vadbert_emoflow_seed42.pt
current,state_current,text_plus_vadbert_emoflow,73,25295,22770,True,0.614763709743394,0.5994186952095316,0.6267366033456195,0.6078836661437917,0.5243328721091125,0.7788478477890657,finetuned_bert_tiny_state_current_text_plus_vadbert_emoflow_seed73.pt
current,state_current,text_plus_vadbert_emoflow,105,25295,22770,True,0.6085843092271987,0.5921135140048894,0.6242476548265729,0.6040485100136785,0.5068842006907103,0.8123348405660932,finetuned_bert_tiny_state_current_text_plus_vadbert_emoflow_seed105.pt
current,state_current,text_plus_all_affective,12,25295,22770,True,0.6117609185534929,0.5961544131033347,0.6265703373061525,0.607486721883953,0.5151136836530095,0.7995771918491984,finetuned_bert_tiny_state_current_text_plus_all_affective_seed12.pt
current,state_current,text_plus_all_affective,24,25295,22770,True,0.6148741904660792,0.598448887378412,0.627560233194036,0.607642179399672,0.5147887257714119,0.8035997416172411,finetuned_bert_tiny_state_current_text_plus_all_affective_seed24.pt
current,state_current,text_plus_all_affective,42,25295,22770,True,0.6154782378621511,0.59804979614918,0.6245289000035222,0.6064988214111996,0.5203267142717402,0.7809178460273651,finetuned_bert_tiny_state_current_text_plus_all_affective_seed42.pt
current,state_current,text_plus_all_affective,73,25295,22770,True,0.6160319798022301,0.6017837369950927,0.6242932411761374,0.6064322022875734,0.5083030426038342,0.8088701626636914,finetuned_bert_tiny_state_current_text_plus_all_affective_seed73.pt
current,state_current,text_plus_all_affective,105,25295,22770,True,0.6048355132778438,0.5878783444279899,0.6235679398591011,0.6035246187231667,0.5055565693430657,0.813450584297375,finetuned_bert_tiny_state_current_text_plus_all_affective_seed105.pt
forecast,forecast_next,text_only,12,20236,18216,False,0.6082397891182656,0.5859430315021577,0.6023534277203026,0.578483988023326,0.4848383976032705,0.7950598751322029,finetuned_bert_tiny_forecast_next_text_only_seed12.pt
forecast,forecast_next,text_only,24,20236,18216,False,0.5914762412471545,0.5712918231860091,0.6055610533175642,0.5808675677140028,0.4685066572052809,0.8559585138685135,finetuned_bert_tiny_forecast_next_text_only_seed24.pt
forecast,forecast_next,text_only,42,20236,18216,False,0.6005630278385987,0.5816594514380413,0.6011839790428004,0.5790218633826447,0.4820229809315926,0.7986080311145987,finetuned_bert_tiny_forecast_next_text_only_seed42.pt
forecast,forecast_next,text_only,73,20236,18216,False,0.5947250474056197,0.5750350000276636,0.6045488441461596,0.5810838022725141,0.4754931670218381,0.8297567466138992,finetuned_bert_tiny_forecast_next_text_only_seed73.pt
forecast,forecast_next,text_only,105,20236,18216,False,0.5947486957265444,0.5772615280636069,0.601525920122372,0.5816883870821707,0.4732825174414622,0.8250997918870049,finetuned_bert_tiny_forecast_next_text_only_seed105.pt
forecast,forecast_next,text_plus_vadlex_emoflow,12,20236,18216,False,0.6026946712443381,0.5825559776200793,0.6025277017010477,0.5797169928891214,0.4768628074850359,0.8181228890177749,finetuned_bert_tiny_forecast_next_text_plus_vadlex_emoflow_seed12.pt
forecast,forecast_next,text_plus_vadlex_emoflow,24,20236,18216,False,0.5912508735150245,0.5727053795172157,0.6045266665452758,0.5805848446410999,0.4692137372214632,0.8495104227081983,finetuned_bert_tiny_forecast_next_text_plus_vadlex_emoflow_seed24.pt
forecast,forecast_next,text_plus_vadlex_emoflow,42,20236,18216,False,0.6017275292910288,0.5829356672621286,0.6039747164214012,0.581791592326993,0.47244716190843,0.836989526116475,finetuned_bert_tiny_forecast_next_text_plus_vadlex_emoflow_seed42.pt
forecast,forecast_next,text_plus_vadlex_emoflow,73,20236,18216,False,0.590629542659063,0.5735971820663122,0.6034498405764658,0.583446611883049,0.4675560889172237,0.8507045136638122,finetuned_bert_tiny_forecast_next_text_plus_vadlex_emoflow_seed73.pt
forecast,forecast_next,text_plus_vadlex_emoflow,105,20236,18216,False,0.5981121852453875,0.5792719185715346,0.6030072034734557,0.5815739619928721,0.4722377852050772,0.833936064958548,finetuned_bert_tiny_forecast_next_text_plus_vadlex_emoflow_seed105.pt
forecast,forecast_next,text_plus_vadbert_global,12,20236,18216,False,0.6093595616635229,0.5859849075094183,0.6024439357466598,0.5761623523154379,0.4894018350970299,0.7833919006516324,finetuned_bert_tiny_forecast_next_text_plus_vadbert_global_seed12.pt
forecast,forecast_next,text_plus_vadbert_global,24,20236,18216,False,0.5905917884719492,0.5725214627210458,0.6032948352582371,0.5787358804829944,0.4760617836782199,0.8233427723380301,finetuned_bert_tiny_forecast_next_text_plus_vadbert_global_seed24.pt
forecast,forecast_next,text_plus_vadbert_global,42,20236,18216,False,0.6001954488342873,0.5814074009913723,0.6020348594779418,0.5812099763098877,0.4625361549445319,0.8620142608576985,finetuned_bert_tiny_forecast_next_text_plus_vadbert_global_seed42.pt
forecast,forecast_next,text_plus_vadbert_global,73,20236,18216,False,0.5903140265177949,0.5744508222160314,0.60293135867801,0.5825719432535881,0.4703431536498896,0.8396165262188257,finetuned_bert_tiny_forecast_next_text_plus_vadbert_global_seed73.pt
forecast,forecast_next,text_plus_vadbert_global,105,20236,18216,False,0.5978422078110914,0.5784298788241619,0.6032094552206971,0.5800109589940067,0.477039550713421,0.8201187267578725,finetuned_bert_tiny_forecast_next_text_plus_vadbert_global_seed105.pt
forecast,forecast_next,text_plus_vadbert_emoflow,12,20236,18216,False,0.605116091490465,0.5842033716289672,0.602327586749498,0.5790412961554393,0.4772629794025235,0.8162123434887926,finetuned_bert_tiny_forecast_next_text_plus_vadbert_emoflow_seed12.pt
forecast,forecast_next,text_plus_vadbert_emoflow,24,20236,18216,False,0.5941492263083857,0.5738611720344924,0.6052471246502953,0.5786722731334418,0.4761611300230856,0.8303537920917062,finetuned_bert_tiny_forecast_next_text_plus_vadbert_emoflow_seed24.pt
forecast,forecast_next,text_plus_vadbert_emoflow,42,20236,18216,False,0.601313134184123,0.5826405072216722,0.6039054521292958,0.5809739598086048,0.4722863741339492,0.8372283443075978,finetuned_bert_tiny_forecast_next_text_plus_vadbert_emoflow_seed42.pt
forecast,forecast_next,text_plus_vadbert_emoflow,73,20236,18216,False,0.5906512810483082,0.5732519621173486,0.6055191022260379,0.5839530684330962,0.4726849724264705,0.8421923509945072,finetuned_bert_tiny_forecast_next_text_plus_vadbert_emoflow_seed73.pt
forecast,forecast_next,text_plus_vadbert_emoflow,105,20236,18216,False,0.597896787873578,0.579260366863622,0.6047273262517479,0.5818586033915613,0.4720961409556641,0.8409982600388932,finetuned_bert_tiny_forecast_next_text_plus_vadbert_emoflow_seed105.pt
forecast,forecast_next,text_plus_all_affective,12,20236,18216,False,0.6063903281519862,0.5866237026338121,0.6035740174603675,0.5811547644633093,0.4786599082211091,0.8167070383132612,finetuned_bert_tiny_forecast_next_text_plus_all_affective_seed12.pt
forecast,forecast_next,text_plus_all_affective,24,20236,18216,False,0.5923109904244677,0.5744305827805629,0.6041697526292401,0.5817542552083093,0.4733467437767161,0.8349254546074852,finetuned_bert_tiny_forecast_next_text_plus_all_affective_seed24.pt
forecast,forecast_next,text_plus_all_affective,42,20236,18216,False,0.5991523533348204,0.5816191956789974,0.6050263502604564,0.5833097108967626,0.4705865627932103,0.847002831701409,finetuned_bert_tiny_forecast_next_text_plus_all_affective_seed42.pt
forecast,forecast_next,text_plus_all_affective,73,20236,18216,False,0.5899159663865546,0.5734576056848759,0.6016473299476293,0.5813042423308294,0.4681359759395072,0.8416976561700386,finetuned_bert_tiny_forecast_next_text_plus_all_affective_seed73.pt
forecast,forecast_next,text_plus_all_affective,105,20236,18216,False,0.5965793365140482,0.577765369433987,0.6037225493823043,0.582393541371486,0.4683856396743989,0.8490498447681758,finetuned_bert_tiny_forecast_next_text_plus_all_affective_seed105.pt
transition,change_subset,text_only,12,13505,12812,True,0.7207091663523199,0.7049391408444639,0.7231031650767579,0.7038896459141091,0.6183350440278753,0.8706168707689967,finetuned_bert_tiny_change_subset_text_only_seed12.pt
transition,change_subset,text_only,24,13505,12812,True,0.721570904867337,0.7061792525337303,0.7200195081804811,0.702195566319326,0.6007578936659927,0.89836084277782,finetuned_bert_tiny_change_subset_text_only_seed24.pt
transition,change_subset,text_only,42,13505,12812,True,0.7266364607507275,0.7117737704751166,0.7223371768343807,0.7044523366772015,0.6065103662080992,0.8928462767171218,finetuned_bert_tiny_change_subset_text_only_seed42.pt
transition,change_subset,text_only,73,13505,12812,True,0.7308459549316587,0.7154600857381481,0.7238703148717549,0.7050312391036195,0.6127812116978795,0.8841560812352628,finetuned_bert_tiny_change_subset_text_only_seed73.pt
transition,change_subset,text_only,105,13505,12812,True,0.7169466095802686,0.7003758842666963,0.7234841546070709,0.7063864692384922,0.6042994848778498,0.9012322202783906,finetuned_bert_tiny_change_subset_text_only_seed105.pt
transition,change_subset,text_plus_vadlex_emoflow,12,13505,12812,True,0.7194001874414245,0.7038287975393416,0.7232424699497737,0.704183784922211,0.6117453636722346,0.8844413174108161,finetuned_bert_tiny_change_subset_text_plus_vadlex_emoflow_seed12.pt
transition,change_subset,text_plus_vadlex_emoflow,24,13505,12812,True,0.7252099602180639,0.7086954243771757,0.723018242377265,0.7042212683123478,0.6061405427663326,0.8957366699627292,finetuned_bert_tiny_change_subset_text_plus_vadlex_emoflow_seed24.pt
transition,change_subset,text_plus_vadlex_emoflow,42,13505,12812,True,0.7263947700765173,0.7113613095420301,0.7224573099138712,0.7030012551647107,0.6168472044674695,0.8717007682360995,finetuned_bert_tiny_change_subset_text_plus_vadlex_emoflow_seed42.pt
transition,change_subset,text_plus_vadlex_emoflow,73,13505,12812,True,0.7286179343000888,0.7137518371363265,0.7218397900910635,0.7043138237372017,0.6074397339983375,0.889328363885297,finetuned_bert_tiny_change_subset_text_plus_vadlex_emoflow_seed73.pt
transition,change_subset,text_plus_vadlex_emoflow,105,13505,12812,True,0.7174499089253188,0.7010043628051347,0.7236439648944837,0.7056292335268061,0.6072303763510202,0.8952802920818438,finetuned_bert_tiny_change_subset_text_plus_vadlex_emoflow_seed105.pt
transition,change_subset,text_plus_vadbert_global,12,13505,12812,True,0.7200361827227499,0.7034539192997065,0.7239214575663174,0.7037344990208346,0.6173652855302705,0.8749334448923709,finetuned_bert_tiny_change_subset_text_plus_vadbert_global_seed12.pt
transition,change_subset,text_plus_vadbert_global,24,13505,12812,True,0.723898767800487,0.7078543697181372,0.7211738421219454,0.7028597507133117,0.6076076336872273,0.8869513957556857,finetuned_bert_tiny_change_subset_text_plus_vadbert_global_seed24.pt
transition,change_subset,text_plus_vadbert_global,42,13505,12812,True,0.7256366216115301,0.710797175067771,0.7224892328818426,0.7047111530364856,0.6125959248478433,0.8804289952080323,finetuned_bert_tiny_change_subset_text_plus_vadbert_global_seed42.pt
transition,change_subset,text_plus_vadbert_global,73,13505,12812,True,0.7302752293577982,0.715737773998508,0.724761333763778,0.7072633391852952,0.6082440975358019,0.8964972997642048,finetuned_bert_tiny_change_subset_text_plus_vadbert_global_seed73.pt
transition,change_subset,text_plus_vadbert_global,105,13505,12812,True,0.7158567125176932,0.6995932457100236,0.7216082374611227,0.7049067878654244,0.5983350025037556,0.9088575340381836,finetuned_bert_tiny_change_subset_text_plus_vadbert_global_seed105.pt
transition,change_subset,text_plus_vadbert_emoflow,12,13505,12812,True,0.7203540492491584,0.7036137621067087,0.7222187044893307,0.7013913556248895,0.6185801833071207,0.8675743515630943,finetuned_bert_tiny_change_subset_text_plus_vadbert_emoflow_seed12.pt
transition,change_subset,text_plus_vadbert_emoflow,24,13505,12812,True,0.7256669598358253,0.709638361151822,0.7234508396749253,0.7058721783808357,0.602664944079239,0.904788164600289,finetuned_bert_tiny_change_subset_text_plus_vadbert_emoflow_seed24.pt
transition,change_subset,text_plus_vadbert_emoflow,42,13505,12812,True,0.7272110893475968,0.7115946495109062,0.7238460083238744,0.7045475133582307,0.6181673757337498,0.8731079333688294,finetuned_bert_tiny_change_subset_text_plus_vadbert_emoflow_seed42.pt
transition,change_subset,text_plus_vadbert_emoflow,73,13505,12812,True,0.7290178571428572,0.7139044516685384,0.7222777454968042,0.7045261765496729,0.6094368977734779,0.8863999391496159,finetuned_bert_tiny_change_subset_text_plus_vadbert_emoflow_seed73.pt
transition,change_subset,text_plus_vadbert_emoflow,105,13505,12812,True,0.7184943317312984,0.7014274345852274,0.7231102040192324,0.7055405386727078,0.6045914128309026,0.8994257244998859,finetuned_bert_tiny_change_subset_text_plus_vadbert_emoflow_seed105.pt
transition,change_subset,text_plus_all_affective,12,13505,12812,True,0.7169337567387933,0.701802352001147,0.7235973339174516,0.7044282954681386,0.6146730462519936,0.8794401764661139,finetuned_bert_tiny_change_subset_text_plus_all_affective_seed12.pt
transition,change_subset,text_plus_all_affective,24,13505,12812,True,0.7274884151992586,0.7117742677600155,0.7240438852042398,0.7054987413444571,0.6109629164705267,0.8884916711036739,finetuned_bert_tiny_change_subset_text_plus_all_affective_seed24.pt
transition,change_subset,text_plus_all_affective,42,13505,12812,True,0.7274767193986312,0.7120017131628205,0.7244753050096112,0.7051464166433266,0.6166802463034448,0.8779379326081996,finetuned_bert_tiny_change_subset_text_plus_all_affective_seed42.pt
transition,change_subset,text_plus_all_affective,73,13505,12812,True,0.7321254772778318,0.7174064896339909,0.7217126820626185,0.7039805625798143,0.6139534263383926,0.8753517912831825,finetuned_bert_tiny_change_subset_text_plus_all_affective_seed73.pt
transition,change_subset,text_plus_all_affective,105,13505,12812,True,0.7159567424409623,0.6997848552738136,0.7221373579371868,0.7057107393613729,0.6034465151901965,0.8989503308739636,finetuned_bert_tiny_change_subset_text_plus_all_affective_seed105.pt
forecast-transition,forecast_change_subset,text_only,12,13505,12812,False,0.6873399321658475,0.6702737586397726,0.6894130902682479,0.6688676770219828,0.5558195327603476,0.9075454476306382,finetuned_bert_tiny_forecast_change_subset_text_only_seed12.pt
forecast-transition,forecast_change_subset,text_only,24,13505,12812,False,0.6899214305066378,0.6719903548150978,0.6884852954734028,0.6684013912207111,0.5489748142451625,0.9230622955807408,finetuned_bert_tiny_forecast_change_subset_text_only_seed24.pt
forecast-transition,forecast_change_subset,text_only,42,13505,12812,False,0.6903900145452085,0.6743003962080716,0.6897876742696685,0.6725984963477438,0.5475336573375789,0.931904617022895,finetuned_bert_tiny_forecast_change_subset_text_only_seed42.pt
forecast-transition,forecast_change_subset,text_only,73,13505,12812,False,0.6952332485156912,0.6797131264096989,0.6878397266656313,0.6713219915595623,0.5469742898843606,0.9264280824522704,finetuned_bert_tiny_forecast_change_subset_text_only_seed73.pt
forecast-transition,forecast_change_subset,text_only,105,13505,12812,False,0.689430112328673,0.671730540563138,0.6918486505051662,0.6727227221192478,0.5546186674008811,0.9193161938084734,finetuned_bert_tiny_forecast_change_subset_text_only_seed105.pt
forecast-transition,forecast_change_subset,text_plus_vadlex_emoflow,12,13505,12812,False,0.6819533469900219,0.6687495139967543,0.6878368028963309,0.671423740758424,0.5425737571670218,0.9393207575872824,finetuned_bert_tiny_forecast_change_subset_text_plus_vadlex_emoflow_seed12.pt
forecast-transition,forecast_change_subset,text_plus_vadlex_emoflow,24,13505,12812,False,0.6902714550665993,0.6729958603998871,0.6868092396109637,0.6716702699144083,0.5393143848991104,0.9453487487639766,finetuned_bert_tiny_forecast_change_subset_text_plus_vadlex_emoflow_seed24.pt
forecast-transition,forecast_change_subset,text_plus_vadlex_emoflow,42,13505,12812,False,0.6889199813445266,0.6736142383794408,0.6891346008023934,0.673083838186814,0.5405069313782738,0.950502015668974,finetuned_bert_tiny_forecast_change_subset_text_plus_vadlex_emoflow_seed42.pt
forecast-transition,forecast_change_subset,text_plus_vadlex_emoflow,73,13505,12812,False,0.6969376979936642,0.6797827400238143,0.6883588507016066,0.6672893870731562,0.5568769389865563,0.9011181258081692,finetuned_bert_tiny_forecast_change_subset_text_plus_vadlex_emoflow_seed73.pt
forecast-transition,forecast_change_subset,text_plus_vadlex_emoflow,105,13505,12812,False,0.6885223225092506,0.6705911122440771,0.6903544538649062,0.6713821830128944,0.5550993974858623,0.912755761770746,finetuned_bert_tiny_forecast_change_subset_text_plus_vadlex_emoflow_seed105.pt
forecast-transition,forecast_change_subset,text_plus_vadbert_global,12,13505,12812,False,0.6878796245168415,0.6706125777571067,0.6898748976967146,0.66887293989401,0.5602183717066224,0.8976192287213813,finetuned_bert_tiny_forecast_change_subset_text_plus_vadbert_global_seed12.pt
forecast-transition,forecast_change_subset,text_plus_vadbert_global,24,13505,12812,False,0.6909920182440137,0.6757099591225553,0.6869356609804375,0.6704750900933726,0.5432961975461615,0.9338252072716208,finetuned_bert_tiny_forecast_change_subset_text_plus_vadbert_global_seed24.pt
forecast-transition,forecast_change_subset,text_plus_vadbert_global,42,13505,12812,False,0.6907421782712883,0.6742910195543415,0.6892574103844092,0.6710380713381059,0.5477140295831465,0.929451585913136,finetuned_bert_tiny_forecast_change_subset_text_plus_vadbert_global_seed42.pt
forecast-transition,forecast_change_subset,text_plus_vadbert_global,73,13505,12812,False,0.6973595581301361,0.6828515726796063,0.6888088662028459,0.6719585989118546,0.5446935096818428,0.9366205217920438,finetuned_bert_tiny_forecast_change_subset_text_plus_vadbert_global_seed73.pt
forecast-transition,forecast_change_subset,text_plus_vadbert_global,105,13505,12812,False,0.6913100328656748,0.6705783847393507,0.6899744290626929,0.6668338563496635,0.5622485150411957,0.8927892294820111,finetuned_bert_tiny_forecast_change_subset_text_plus_vadbert_global_seed105.pt
forecast-transition,forecast_change_subset,text_plus_vadbert_emoflow,12,13505,12812,False,0.6832979833686833,0.6691277228651569,0.6877840828886819,0.6700674497296737,0.5468707910568376,0.9265231611774548,finetuned_bert_tiny_forecast_change_subset_text_plus_vadbert_emoflow_seed12.pt
forecast-transition,forecast_change_subset,text_plus_vadbert_emoflow,24,13505,12812,False,0.6874260938115885,0.672902385651152,0.6872640503909285,0.6720716070252426,0.5382883610707169,0.9502548109834944,finetuned_bert_tiny_forecast_change_subset_text_plus_vadbert_emoflow_seed24.pt
forecast-transition,forecast_change_subset,text_plus_vadbert_emoflow,42,13505,12812,False,0.6883352582082165,0.6740692472395386,0.6883074689800573,0.672540140955273,0.5407104923053532,0.9467368981516696,finetuned_bert_tiny_forecast_change_subset_text_plus_vadbert_emoflow_seed42.pt
forecast-transition,forecast_change_subset,text_plus_vadbert_emoflow,73,13505,12812,False,0.6973453758714242,0.6805918771832118,0.6886783013878764,0.6696375392108063,0.5516728113764914,0.9162166273674602,finetuned_bert_tiny_forecast_change_subset_text_plus_vadbert_emoflow_seed73.pt
forecast-transition,forecast_change_subset,text_plus_vadbert_emoflow,105,13505,12812,False,0.6880296428448897,0.6698748503181398,0.6902771915013367,0.6728233681102891,0.5478157941754511,0.9328744200197764,finetuned_bert_tiny_forecast_change_subset_text_plus_vadbert_emoflow_seed105.pt
forecast-transition,forecast_change_subset,text_plus_all_affective,12,13505,12812,False,0.6881311798444703,0.6703527844695216,0.6888740935867189,0.6699193588062957,0.5560553309811436,0.9050543850308056,finetuned_bert_tiny_forecast_change_subset_text_plus_all_affective_seed12.pt
forecast-transition,forecast_change_subset,text_plus_all_affective,24,13505,12812,False,0.6883730211520553,0.6728843549805231,0.6874566104801311,0.6709276261129284,0.5413750874737578,0.9415075682665248,finetuned_bert_tiny_forecast_change_subset_text_plus_all_affective_seed24.pt
forecast-transition,forecast_change_subset,text_plus_all_affective,42,13505,12812,False,0.6912883351116924,0.6735914885627091,0.6905106588322121,0.6719338196336997,0.5508106149805271,0.9251540275347988,finetuned_bert_tiny_forecast_change_subset_text_plus_all_affective_seed42.pt
forecast-transition,forecast_change_subset,text_plus_all_affective,73,13505,12812,False,0.6953903173500116,0.6813056788409038,0.6876740802327999,0.6709192718409254,0.5409299993459921,0.9436753632007302,finetuned_bert_tiny_forecast_change_subset_text_plus_all_affective_seed73.pt
forecast-transition,forecast_change_subset,text_plus_all_affective,105,13505,12812,False,0.689555624291164,0.6713547028822242,0.6904984412564116,0.6709858702212163,0.5525351356905548,0.9202859968053548,finetuned_bert_tiny_forecast_change_subset_text_plus_all_affective_seed105.pt
