task_display,task,strategy,seed,emotion,f1,baseline_f1,delta_vs_text_f1
current,state_current,text_only,12,joy,0.6534896516697,0.6534896516697,0.0
current,state_current,text_only,12,trust,0.6093406356462115,0.6093406356462115,0.0
current,state_current,text_only,12,fear,0.5541886350322203,0.5541886350322203,0.0
current,state_current,text_only,12,surprise,0.6744755617080184,0.6744755617080184,0.0
current,state_current,text_only,12,sadness,0.5767677932864229,0.5767677932864229,0.0
current,state_current,text_only,12,disgust,0.5246661215590079,0.5246661215590079,0.0
current,state_current,text_only,12,anger,0.5270576699148127,0.5270576699148127,0.0
current,state_current,text_only,12,anticipation,0.7279575724703188,0.7279575724703188,0.0
current,state_current,text_only,24,joy,0.6534212626538413,0.6534212626538413,0.0
current,state_current,text_only,24,trust,0.6074307895747131,0.6074307895747131,0.0
current,state_current,text_only,24,fear,0.5506179066834804,0.5506179066834804,0.0
current,state_current,text_only,24,surprise,0.6767367346220203,0.6767367346220203,0.0
current,state_current,text_only,24,sadness,0.574085684430512,0.574085684430512,0.0
current,state_current,text_only,24,disgust,0.5203557037654578,0.5203557037654578,0.0
current,state_current,text_only,24,anger,0.5238530176350734,0.5238530176350734,0.0
current,state_current,text_only,24,anticipation,0.732987106017192,0.732987106017192,0.0
current,state_current,text_only,42,joy,0.6563774759241348,0.6563774759241348,0.0
current,state_current,text_only,42,trust,0.6043636699109738,0.6043636699109738,0.0
current,state_current,text_only,42,fear,0.5498395409899834,0.5498395409899834,0.0
current,state_current,text_only,42,surprise,0.6781097838652047,0.6781097838652047,0.0
current,state_current,text_only,42,sadness,0.5802800466744458,0.5802800466744458,0.0
current,state_current,text_only,42,disgust,0.5286508860432027,0.5286508860432027,0.0
current,state_current,text_only,42,anger,0.5255413075467732,0.5255413075467732,0.0
current,state_current,text_only,42,anticipation,0.7308743588956114,0.7308743588956114,0.0
current,state_current,text_only,73,joy,0.6532924439901184,0.6532924439901184,0.0
current,state_current,text_only,73,trust,0.6052926471855874,0.6052926471855874,0.0
current,state_current,text_only,73,fear,0.556292785676672,0.556292785676672,0.0
current,state_current,text_only,73,surprise,0.6722772983382069,0.6722772983382069,0.0
current,state_current,text_only,73,sadness,0.5782601322706461,0.5782601322706461,0.0
current,state_current,text_only,73,disgust,0.5250194296646141,0.5250194296646141,0.0
current,state_current,text_only,73,anger,0.5276488529372763,0.5276488529372763,0.0
current,state_current,text_only,73,anticipation,0.726186422313717,0.726186422313717,0.0
current,state_current,text_only,105,joy,0.6528261037655609,0.6528261037655609,0.0
current,state_current,text_only,105,trust,0.608815542093169,0.608815542093169,0.0
current,state_current,text_only,105,fear,0.5554271937314782,0.5554271937314782,0.0
current,state_current,text_only,105,surprise,0.675226421270869,0.675226421270869,0.0
current,state_current,text_only,105,sadness,0.5749274521183981,0.5749274521183981,0.0
current,state_current,text_only,105,disgust,0.5248763056624519,0.5248763056624519,0.0
current,state_current,text_only,105,anger,0.5240893066980024,0.5240893066980024,0.0
current,state_current,text_only,105,anticipation,0.7290955760229503,0.7290955760229503,0.0
current,state_current,text_plus_vadlex_emoflow,12,joy,0.656844429347826,0.6534896516697,0.003354777678126
current,state_current,text_plus_vadlex_emoflow,12,trust,0.6111426698710946,0.6093406356462115,0.001802034224883
current,state_current,text_plus_vadlex_emoflow,12,fear,0.5522645353392885,0.5541886350322203,-0.0019240996929317
current,state_current,text_plus_vadlex_emoflow,12,surprise,0.6747393913867538,0.6744755617080184,0.0002638296787353
current,state_current,text_plus_vadlex_emoflow,12,sadness,0.5782928208027134,0.5767677932864229,0.0015250275162904
current,state_current,text_plus_vadlex_emoflow,12,disgust,0.5223443223443224,0.5246661215590079,-0.0023217992146855
current,state_current,text_plus_vadlex_emoflow,12,anger,0.5284267386900743,0.5270576699148127,0.0013690687752615
current,state_current,text_plus_vadlex_emoflow,12,anticipation,0.7288950309439404,0.7279575724703188,0.0009374584736215
current,state_current,text_plus_vadlex_emoflow,24,joy,0.6547336472236274,0.6534212626538413,0.0013123845697861
current,state_current,text_plus_vadlex_emoflow,24,trust,0.6076144665789355,0.6074307895747131,0.0001836770042223
current,state_current,text_plus_vadlex_emoflow,24,fear,0.5517428897710588,0.5506179066834804,0.0011249830875783
current,state_current,text_plus_vadlex_emoflow,24,surprise,0.6775484414490311,0.6767367346220203,0.0008117068270108
current,state_current,text_plus_vadlex_emoflow,24,sadness,0.5772245826102567,0.574085684430512,0.0031388981797446
current,state_current,text_plus_vadlex_emoflow,24,disgust,0.5216242525378946,0.5203557037654578,0.0012685487724367
current,state_current,text_plus_vadlex_emoflow,24,anger,0.5228519195612431,0.5238530176350734,-0.0010010980738303
current,state_current,text_plus_vadlex_emoflow,24,anticipation,0.7312595614482407,0.732987106017192,-0.0017275445689513
current,state_current,text_plus_vadlex_emoflow,42,joy,0.6557208011104502,0.6563774759241348,-0.0006566748136845
current,state_current,text_plus_vadlex_emoflow,42,trust,0.6032008070802953,0.6043636699109738,-0.0011628628306784
current,state_current,text_plus_vadlex_emoflow,42,fear,0.5577121731093351,0.5498395409899834,0.0078726321193516
current,state_current,text_plus_vadlex_emoflow,42,surprise,0.6739915935402994,0.6781097838652047,-0.0041181903249053
current,state_current,text_plus_vadlex_emoflow,42,sadness,0.5808534366379058,0.5802800466744458,0.00057338996346
current,state_current,text_plus_vadlex_emoflow,42,disgust,0.5248756218905473,0.5286508860432027,-0.0037752641526553
current,state_current,text_plus_vadlex_emoflow,42,anger,0.5260347129506008,0.5255413075467732,0.0004934054038275
current,state_current,text_plus_vadlex_emoflow,42,anticipation,0.7316806748187031,0.7308743588956114,0.0008063159230917
current,state_current,text_plus_vadlex_emoflow,73,joy,0.6559050445103858,0.6532924439901184,0.0026126005202673
current,state_current,text_plus_vadlex_emoflow,73,trust,0.6103467979429475,0.6052926471855874,0.0050541507573601
current,state_current,text_plus_vadlex_emoflow,73,fear,0.5546515362380902,0.556292785676672,-0.0016412494385817
current,state_current,text_plus_vadlex_emoflow,73,surprise,0.6735632183908046,0.6722772983382069,0.0012859200525976
current,state_current,text_plus_vadlex_emoflow,73,sadness,0.5791249642550758,0.5782601322706461,0.0008648319844296
current,state_current,text_plus_vadlex_emoflow,73,disgust,0.5318545266958989,0.5250194296646141,0.0068350970312848
current,state_current,text_plus_vadlex_emoflow,73,anger,0.5203835175290932,0.5276488529372763,-0.007265335408183
current,state_current,text_plus_vadlex_emoflow,73,anticipation,0.7264056850766737,0.726186422313717,0.0002192627629566
current,state_current,text_plus_vadlex_emoflow,105,joy,0.6543003000662484,0.6528261037655609,0.0014741963006874
current,state_current,text_plus_vadlex_emoflow,105,trust,0.6113989637305699,0.608815542093169,0.0025834216374008
current,state_current,text_plus_vadlex_emoflow,105,fear,0.5522880956125177,0.5554271937314782,-0.0031390981189605
current,state_current,text_plus_vadlex_emoflow,105,surprise,0.674323042882731,0.675226421270869,-0.0009033783881379
current,state_current,text_plus_vadlex_emoflow,105,sadness,0.5769496204278813,0.5749274521183981,0.0020221683094832
current,state_current,text_plus_vadlex_emoflow,105,disgust,0.5249502368041733,0.5248763056624519,7.393114172138393e-05
current,state_current,text_plus_vadlex_emoflow,105,anger,0.5242636746143058,0.5240893066980024,0.0001743679163034
current,state_current,text_plus_vadlex_emoflow,105,anticipation,0.7275418632620964,0.7290955760229503,-0.0015537127608539
current,state_current,text_plus_vadbert_global,12,joy,0.6501751687601469,0.6534896516697,-0.003314482909553
current,state_current,text_plus_vadbert_global,12,trust,0.6073818260306497,0.6093406356462115,-0.0019588096155618
current,state_current,text_plus_vadbert_global,12,fear,0.5546049320583795,0.5541886350322203,0.0004162970261591
current,state_current,text_plus_vadbert_global,12,surprise,0.6698471913336681,0.6744755617080184,-0.0046283703743502
current,state_current,text_plus_vadbert_global,12,sadness,0.5785660464846694,0.5767677932864229,0.0017982531982464
current,state_current,text_plus_vadbert_global,12,disgust,0.526742190181943,0.5246661215590079,0.002076068622935
current,state_current,text_plus_vadbert_global,12,anger,0.5322276159654801,0.5270576699148127,0.0051699460506673
current,state_current,text_plus_vadbert_global,12,anticipation,0.7258959177313805,0.7279575724703188,-0.0020616547389382
current,state_current,text_plus_vadbert_global,24,joy,0.6518242614069246,0.6534212626538413,-0.0015970012469166
current,state_current,text_plus_vadbert_global,24,trust,0.6072737999915715,0.6074307895747131,-0.0001569895831415
current,state_current,text_plus_vadbert_global,24,fear,0.5537117903930131,0.5506179066834804,0.0030938837095326
current,state_current,text_plus_vadbert_global,24,surprise,0.6753787606806921,0.6767367346220203,-0.0013579739413281
current,state_current,text_plus_vadbert_global,24,sadness,0.5737265415549598,0.574085684430512,-0.0003591428755521
current,state_current,text_plus_vadbert_global,24,disgust,0.5172659817351598,0.5203557037654578,-0.003089722030298
current,state_current,text_plus_vadbert_global,24,anger,0.5217578321026597,0.5238530176350734,-0.0020951855324137
current,state_current,text_plus_vadbert_global,24,anticipation,0.7282712072403743,0.732987106017192,-0.0047158987768176
current,state_current,text_plus_vadbert_global,42,joy,0.6541457435451347,0.6563774759241348,-0.002231732379
current,state_current,text_plus_vadbert_global,42,trust,0.6047424087342204,0.6043636699109738,0.0003787388232465
current,state_current,text_plus_vadbert_global,42,fear,0.5510214275011238,0.5498395409899834,0.0011818865111403
current,state_current,text_plus_vadbert_global,42,surprise,0.6737446197991391,0.6781097838652047,-0.0043651640660655
current,state_current,text_plus_vadbert_global,42,sadness,0.5744643790280439,0.5802800466744458,-0.0058156676464018
current,state_current,text_plus_vadbert_global,42,disgust,0.5225511898173769,0.5286508860432027,-0.0060996962258257
current,state_current,text_plus_vadbert_global,42,anger,0.527997904250442,0.5255413075467732,0.0024565967036688
current,state_current,text_plus_vadbert_global,42,anticipation,0.7279245866172153,0.7308743588956114,-0.0029497722783961
current,state_current,text_plus_vadbert_global,73,joy,0.6541262640975488,0.6532924439901184,0.0008338201074303
current,state_current,text_plus_vadbert_global,73,trust,0.6099532113994045,0.6052926471855874,0.0046605642138171
current,state_current,text_plus_vadbert_global,73,fear,0.5534073614790598,0.556292785676672,-0.0028854241976121
current,state_current,text_plus_vadbert_global,73,surprise,0.675530573271358,0.6722772983382069,0.003253274933151
current,state_current,text_plus_vadbert_global,73,sadness,0.5795528287416671,0.5782601322706461,0.001292696471021
current,state_current,text_plus_vadbert_global,73,disgust,0.5280509765895554,0.5250194296646141,0.0030315469249412
current,state_current,text_plus_vadbert_global,73,anger,0.5320378151260504,0.5276488529372763,0.0043889621887741
current,state_current,text_plus_vadbert_global,73,anticipation,0.7293519695044473,0.726186422313717,0.0031655471907302
current,state_current,text_plus_vadbert_global,105,joy,0.6544796798029556,0.6528261037655609,0.0016535760373946
current,state_current,text_plus_vadbert_global,105,trust,0.6098245899637784,0.608815542093169,0.0010090478706094
current,state_current,text_plus_vadbert_global,105,fear,0.5535359555025824,0.5554271937314782,-0.0018912382288958
current,state_current,text_plus_vadbert_global,105,surprise,0.6754357357683807,0.675226421270869,0.0002093144975117
current,state_current,text_plus_vadbert_global,105,sadness,0.577056225379014,0.5749274521183981,0.0021287732606158
current,state_current,text_plus_vadbert_global,105,disgust,0.524546777821887,0.5248763056624519,-0.0003295278405649
current,state_current,text_plus_vadbert_global,105,anger,0.5265133740028156,0.5240893066980024,0.0024240673048132
current,state_current,text_plus_vadbert_global,105,anticipation,0.7314086256877478,0.7290955760229503,0.0023130496647975
current,state_current,text_plus_vadbert_emoflow,12,joy,0.6536201831691723,0.6534896516697,0.0001305314994722
current,state_current,text_plus_vadbert_emoflow,12,trust,0.6101603798942747,0.6093406356462115,0.0008197442480631
current,state_current,text_plus_vadbert_emoflow,12,fear,0.5513535854515396,0.5541886350322203,-0.0028350495806807
current,state_current,text_plus_vadbert_emoflow,12,surprise,0.6762974490831586,0.6744755617080184,0.0018218873751402
current,state_current,text_plus_vadbert_emoflow,12,sadness,0.5781181619256017,0.5767677932864229,0.0013503686391788
current,state_current,text_plus_vadbert_emoflow,12,disgust,0.5224126801979488,0.5246661215590079,-0.002253441361059
current,state_current,text_plus_vadbert_emoflow,12,anger,0.5250414354687613,0.5270576699148127,-0.0020162344460514
current,state_current,text_plus_vadbert_emoflow,12,anticipation,0.7300996518189459,0.7279575724703188,0.002142079348627
current,state_current,text_plus_vadbert_emoflow,24,joy,0.6576746922139586,0.6534212626538413,0.0042534295601173
current,state_current,text_plus_vadbert_emoflow,24,trust,0.6115256523755322,0.6074307895747131,0.0040948628008191
current,state_current,text_plus_vadbert_emoflow,24,fear,0.5549839555849845,0.5506179066834804,0.004366048901504
current,state_current,text_plus_vadbert_emoflow,24,surprise,0.6765816808309726,0.6767367346220203,-0.0001550537910477
current,state_current,text_plus_vadbert_emoflow,24,sadness,0.5779356220756525,0.574085684430512,0.0038499376451405
current,state_current,text_plus_vadbert_emoflow,24,disgust,0.5203364125189577,0.5203557037654578,-1.929124650013048e-05
current,state_current,text_plus_vadbert_emoflow,24,anger,0.5237760270118177,0.5238530176350734,-7.699062325572381e-05
current,state_current,text_plus_vadbert_emoflow,24,anticipation,0.7296465081906639,0.732987106017192,-0.003340597826528
current,state_current,text_plus_vadbert_emoflow,42,joy,0.6571315996847912,0.6563774759241348,0.0007541237606564
current,state_current,text_plus_vadbert_emoflow,42,trust,0.6072069261368068,0.6043636699109738,0.002843256225833
current,state_current,text_plus_vadbert_emoflow,42,fear,0.557289800931375,0.5498395409899834,0.0074502599413915
current,state_current,text_plus_vadbert_emoflow,42,surprise,0.672418242819747,0.6781097838652047,-0.0056915410454576
current,state_current,text_plus_vadbert_emoflow,42,sadness,0.582861809484921,0.5802800466744458,0.0025817628104751
current,state_current,text_plus_vadbert_emoflow,42,disgust,0.5235929505400796,0.5286508860432027,-0.005057935503123
current,state_current,text_plus_vadbert_emoflow,42,anger,0.5277398196228478,0.5255413075467732,0.0021985120760745
current,state_current,text_plus_vadbert_emoflow,42,anticipation,0.7319744447824764,0.7308743588956114,0.001100085886865
current,state_current,text_plus_vadbert_emoflow,73,joy,0.6532948746394498,0.6532924439901184,2.4306493313641653e-06
current,state_current,text_plus_vadbert_emoflow,73,trust,0.6122879493715391,0.6052926471855874,0.0069953021859516
current,state_current,text_plus_vadbert_emoflow,73,fear,0.558097497599277,0.556292785676672,0.001804711922605
current,state_current,text_plus_vadbert_emoflow,73,surprise,0.6750898672456134,0.6722772983382069,0.0028125689074064
current,state_current,text_plus_vadbert_emoflow,73,sadness,0.578865299268322,0.5782601322706461,0.0006051669976758
current,state_current,text_plus_vadbert_emoflow,73,disgust,0.5328930328930329,0.5250194296646141,0.0078736032284187
current,state_current,text_plus_vadbert_emoflow,73,anger,0.5243972445464983,0.5276488529372763,-0.0032516083907779
current,state_current,text_plus_vadbert_emoflow,73,anticipation,0.7281435635866016,0.726186422313717,0.0019571412728845
current,state_current,text_plus_vadbert_emoflow,105,joy,0.6536447052337259,0.6528261037655609,0.0008186014681649
current,state_current,text_plus_vadbert_emoflow,105,trust,0.6073174578142249,0.608815542093169,-0.0014980842789441
current,state_current,text_plus_vadbert_emoflow,105,fear,0.5530514887316993,0.5554271937314782,-0.0023757049997789
current,state_current,text_plus_vadbert_emoflow,105,surprise,0.673616680032077,0.675226421270869,-0.0016097412387919
current,state_current,text_plus_vadbert_emoflow,105,sadness,0.57148056044156,0.5749274521183981,-0.003446891676838
current,state_current,text_plus_vadbert_emoflow,105,disgust,0.5258009906577215,0.5248763056624519,0.0009246849952695
current,state_current,text_plus_vadbert_emoflow,105,anger,0.5197454072038189,0.5240893066980024,-0.0043438994941834
current,state_current,text_plus_vadbert_emoflow,105,anticipation,0.7277307899946014,0.7290955760229503,-0.0013647860283488
current,state_current,text_plus_all_affective,12,joy,0.6532654863535052,0.6534896516697,-0.0002241653161947
current,state_current,text_plus_all_affective,12,trust,0.6089968357136748,0.6093406356462115,-0.0003437999325367
current,state_current,text_plus_all_affective,12,fear,0.5549396804695141,0.5541886350322203,0.0007510454372938
current,state_current,text_plus_all_affective,12,surprise,0.6764047339801684,0.6744755617080184,0.00192917227215
current,state_current,text_plus_all_affective,12,sadness,0.5757422686198574,0.5767677932864229,-0.0010255246665654
current,state_current,text_plus_all_affective,12,disgust,0.5299834710743802,0.5246661215590079,0.0053173495153722
current,state_current,text_plus_all_affective,12,anger,0.5308144060001415,0.5270576699148127,0.0037567360853287
current,state_current,text_plus_all_affective,12,anticipation,0.7297468928603829,0.7279575724703188,0.001789320390064
current,state_current,text_plus_all_affective,24,joy,0.6591633385775949,0.6534212626538413,0.0057420759237536
current,state_current,text_plus_all_affective,24,trust,0.6045319665497707,0.6074307895747131,-0.0028988230249423
current,state_current,text_plus_all_affective,24,fear,0.5532844437509752,0.5506179066834804,0.0026665370674947
current,state_current,text_plus_all_affective,24,surprise,0.6769395781194136,0.6767367346220203,0.0002028434973933
current,state_current,text_plus_all_affective,24,sadness,0.5786099290780142,0.574085684430512,0.0045242446475022
current,state_current,text_plus_all_affective,24,disgust,0.5266635205285513,0.5203557037654578,0.0063078167630934
current,state_current,text_plus_all_affective,24,anger,0.5301837270341208,0.5238530176350734,0.0063307093990473
current,state_current,text_plus_all_affective,24,anticipation,0.7317609315589354,0.732987106017192,-0.0012261744582565
current,state_current,text_plus_all_affective,42,joy,0.657614300446889,0.6563774759241348,0.0012368245227541
current,state_current,text_plus_all_affective,42,trust,0.6079889330797165,0.6043636699109738,0.0036252631687426
current,state_current,text_plus_all_affective,42,fear,0.5535363964894167,0.5498395409899834,0.0036968554994332
current,state_current,text_plus_all_affective,42,surprise,0.6664099799784383,0.6781097838652047,-0.0116998038867663
current,state_current,text_plus_all_affective,42,sadness,0.5821744997946371,0.5802800466744458,0.0018944531201913
current,state_current,text_plus_all_affective,42,disgust,0.5234718479648277,0.5286508860432027,-0.0051790380783749
current,state_current,text_plus_all_affective,42,anger,0.530114017437961,0.5255413075467732,0.0045727098911878
current,state_current,text_plus_all_affective,42,anticipation,0.7306805960977109,0.7308743588956114,-0.0001937627979005
current,state_current,text_plus_all_affective,73,joy,0.6563352441193911,0.6532924439901184,0.0030428001292727
current,state_current,text_plus_all_affective,73,trust,0.6075252888644348,0.6052926471855874,0.0022326416788474
current,state_current,text_plus_all_affective,73,fear,0.551563951687829,0.556292785676672,-0.0047288339888429
current,state_current,text_plus_all_affective,73,surprise,0.6757718434388815,0.6722772983382069,0.0034945451006745
current,state_current,text_plus_all_affective,73,sadness,0.5788691295490833,0.5782601322706461,0.0006089972784372
current,state_current,text_plus_all_affective,73,disgust,0.5259801926468594,0.5250194296646141,0.0009607629822452
current,state_current,text_plus_all_affective,73,anger,0.528065714844514,0.5276488529372763,0.0004168619072377
current,state_current,text_plus_all_affective,73,anticipation,0.727346253149594,0.726186422313717,0.001159830835877
current,state_current,text_plus_all_affective,105,joy,0.6510743487355011,0.6528261037655609,-0.0017517550300598
current,state_current,text_plus_all_affective,105,trust,0.6058821054403164,0.608815542093169,-0.0029334366528526
current,state_current,text_plus_all_affective,105,fear,0.5538917565288496,0.5554271937314782,-0.0015354372026286
current,state_current,text_plus_all_affective,105,surprise,0.6748147367681663,0.675226421270869,-0.0004116845027026
current,state_current,text_plus_all_affective,105,sadness,0.5792771623587334,0.5749274521183981,0.0043497102403352
current,state_current,text_plus_all_affective,105,disgust,0.5169675090252708,0.5248763056624519,-0.0079087966371811
current,state_current,text_plus_all_affective,105,anger,0.5218581104193747,0.5240893066980024,-0.0022311962786276
current,state_current,text_plus_all_affective,105,anticipation,0.7244312205091216,0.7290955760229503,-0.0046643555138287
forecast,forecast_next,text_only,12,joy,0.6204839563188531,0.6204839563188531,0.0
forecast,forecast_next,text_only,12,trust,0.5849166910260157,0.5849166910260157,0.0
forecast,forecast_next,text_only,12,fear,0.5260907695680772,0.5260907695680772,0.0
forecast,forecast_next,text_only,12,surprise,0.6954029850746268,0.6954029850746268,0.0
forecast,forecast_next,text_only,12,sadness,0.5241635687732342,0.5241635687732342,0.0
forecast,forecast_next,text_only,12,disgust,0.4744165821133497,0.4744165821133497,0.0
forecast,forecast_next,text_only,12,anger,0.4615003304692663,0.4615003304692663,0.0
forecast,forecast_next,text_only,12,anticipation,0.7408970208431851,0.7408970208431851,0.0
forecast,forecast_next,text_only,24,joy,0.6274907674201534,0.6274907674201534,0.0
forecast,forecast_next,text_only,24,trust,0.592465016146394,0.592465016146394,0.0
forecast,forecast_next,text_only,24,fear,0.5243066216354518,0.5243066216354518,0.0
forecast,forecast_next,text_only,24,surprise,0.6999925777480888,0.6999925777480888,0.0
forecast,forecast_next,text_only,24,sadness,0.5241813449549059,0.5241813449549059,0.0
forecast,forecast_next,text_only,24,disgust,0.467055264517081,0.467055264517081,0.0
forecast,forecast_next,text_only,24,anger,0.4661990747649605,0.4661990747649605,0.0
forecast,forecast_next,text_only,24,anticipation,0.7452498745249875,0.7452498745249875,0.0
forecast,forecast_next,text_only,42,joy,0.6047223213830384,0.6047223213830384,0.0
forecast,forecast_next,text_only,42,trust,0.5889797947837092,0.5889797947837092,0.0
forecast,forecast_next,text_only,42,fear,0.5222854433380749,0.5222854433380749,0.0
forecast,forecast_next,text_only,42,surprise,0.6979955281842074,0.6979955281842074,0.0
forecast,forecast_next,text_only,42,sadness,0.5288151771864933,0.5288151771864933,0.0
forecast,forecast_next,text_only,42,disgust,0.4759331674369001,0.4759331674369001,0.0
forecast,forecast_next,text_only,42,anger,0.4721105343957891,0.4721105343957891,0.0
forecast,forecast_next,text_only,42,anticipation,0.7413329403529455,0.7413329403529455,0.0
forecast,forecast_next,text_only,73,joy,0.6287100221984707,0.6287100221984707,0.0
forecast,forecast_next,text_only,73,trust,0.5884339383706205,0.5884339383706205,0.0
forecast,forecast_next,text_only,73,fear,0.5228357593258295,0.5228357593258295,0.0
forecast,forecast_next,text_only,73,surprise,0.7023964474389404,0.7023964474389404,0.0
forecast,forecast_next,text_only,73,sadness,0.5177807571984933,0.5177807571984933,0.0
forecast,forecast_next,text_only,73,disgust,0.4727662616154396,0.4727662616154396,0.0
forecast,forecast_next,text_only,73,anger,0.4734408033826638,0.4734408033826638,0.0
forecast,forecast_next,text_only,73,anticipation,0.742306428649655,0.742306428649655,0.0
forecast,forecast_next,text_only,105,joy,0.6148141104877817,0.6148141104877817,0.0
forecast,forecast_next,text_only,105,trust,0.5852684376741594,0.5852684376741594,0.0
forecast,forecast_next,text_only,105,fear,0.5279835860025077,0.5279835860025077,0.0
forecast,forecast_next,text_only,105,surprise,0.6987013987900274,0.6987013987900274,0.0
forecast,forecast_next,text_only,105,sadness,0.5253802340864994,0.5253802340864994,0.0
forecast,forecast_next,text_only,105,disgust,0.4817686638897789,0.4817686638897789,0.0
forecast,forecast_next,text_only,105,anger,0.4784278581487645,0.4784278581487645,0.0
forecast,forecast_next,text_only,105,anticipation,0.7411628075778471,0.7411628075778471,0.0
forecast,forecast_next,text_plus_vadlex_emoflow,12,joy,0.6185099401659911,0.6204839563188531,-0.0019740161528619
forecast,forecast_next,text_plus_vadlex_emoflow,12,trust,0.5918439092986465,0.5849166910260157,0.0069272182726307
forecast,forecast_next,text_plus_vadlex_emoflow,12,fear,0.5246188316301438,0.5260907695680772,-0.0014719379379334
forecast,forecast_next,text_plus_vadlex_emoflow,12,surprise,0.7004405286343612,0.6954029850746268,0.0050375435597344
forecast,forecast_next,text_plus_vadlex_emoflow,12,sadness,0.5245200023776972,0.5241635687732342,0.000356433604463
forecast,forecast_next,text_plus_vadlex_emoflow,12,disgust,0.4714917047018764,0.4744165821133497,-0.0029248774114733
forecast,forecast_next,text_plus_vadlex_emoflow,12,anger,0.4650721890039376,0.4615003304692663,0.0035718585346712
forecast,forecast_next,text_plus_vadlex_emoflow,12,anticipation,0.7412388373003167,0.7408970208431851,0.0003418164571316
forecast,forecast_next,text_plus_vadlex_emoflow,24,joy,0.6273399014778325,0.6274907674201534,-0.0001508659423209
forecast,forecast_next,text_plus_vadlex_emoflow,24,trust,0.5921626810961773,0.592465016146394,-0.0003023350502167
forecast,forecast_next,text_plus_vadlex_emoflow,24,fear,0.5240872758695183,0.5243066216354518,-0.0002193457659335
forecast,forecast_next,text_plus_vadlex_emoflow,24,surprise,0.7003410876480282,0.6999925777480888,0.0003485098999393
forecast,forecast_next,text_plus_vadlex_emoflow,24,sadness,0.5216178521617852,0.5241813449549059,-0.0025634927931206
forecast,forecast_next,text_plus_vadlex_emoflow,24,disgust,0.4694902071696245,0.467055264517081,0.0024349426525434
forecast,forecast_next,text_plus_vadlex_emoflow,24,anger,0.4663420223431681,0.4661990747649605,0.0001429475782076
forecast,forecast_next,text_plus_vadlex_emoflow,24,anticipation,0.7432977293626654,0.7452498745249875,-0.0019521451623221
forecast,forecast_next,text_plus_vadlex_emoflow,42,joy,0.6278729905672911,0.6047223213830384,0.0231506691842526
forecast,forecast_next,text_plus_vadlex_emoflow,42,trust,0.5922152560083594,0.5889797947837092,0.0032354612246502
forecast,forecast_next,text_plus_vadlex_emoflow,42,fear,0.5223526621605598,0.5222854433380749,6.721882248483801e-05
forecast,forecast_next,text_plus_vadlex_emoflow,42,surprise,0.6999613152804642,0.6979955281842074,0.0019657870962568
forecast,forecast_next,text_plus_vadlex_emoflow,42,sadness,0.5250647211108496,0.5288151771864933,-0.0037504560756437
forecast,forecast_next,text_plus_vadlex_emoflow,42,disgust,0.4703795672224193,0.4759331674369001,-0.0055536002144808
forecast,forecast_next,text_plus_vadlex_emoflow,42,anger,0.4731406300746996,0.4721105343957891,0.0010300956789104
forecast,forecast_next,text_plus_vadlex_emoflow,42,anticipation,0.7433455961913006,0.7413329403529455,0.002012655838355
forecast,forecast_next,text_plus_vadlex_emoflow,73,joy,0.6285153986718367,0.6287100221984707,-0.000194623526634
forecast,forecast_next,text_plus_vadlex_emoflow,73,trust,0.5929474384564205,0.5884339383706205,0.0045135000857999
forecast,forecast_next,text_plus_vadlex_emoflow,73,fear,0.5272894521668029,0.5228357593258295,0.0044536928409734
forecast,forecast_next,text_plus_vadlex_emoflow,73,surprise,0.7023100280585771,0.7023964474389404,-8.641938036324515e-05
forecast,forecast_next,text_plus_vadlex_emoflow,73,sadness,0.5302269751200349,0.5177807571984933,0.0124462179215416
forecast,forecast_next,text_plus_vadlex_emoflow,73,disgust,0.4775395107875926,0.4727662616154396,0.0047732491721529
forecast,forecast_next,text_plus_vadlex_emoflow,73,anger,0.4674560459275206,0.4734408033826638,-0.0059847574551432
forecast,forecast_next,text_plus_vadlex_emoflow,73,anticipation,0.7412880458756065,0.742306428649655,-0.0010183827740485
forecast,forecast_next,text_plus_vadlex_emoflow,105,joy,0.6247104247104247,0.6148141104877817,0.009896314222643
forecast,forecast_next,text_plus_vadlex_emoflow,105,trust,0.5842644962523567,0.5852684376741594,-0.0010039414218027
forecast,forecast_next,text_plus_vadlex_emoflow,105,fear,0.5228944246737841,0.5279835860025077,-0.0050891613287236
forecast,forecast_next,text_plus_vadlex_emoflow,105,surprise,0.7002411137901532,0.6987013987900274,0.0015397150001258
forecast,forecast_next,text_plus_vadlex_emoflow,105,sadness,0.523986546291379,0.5253802340864994,-0.0013936877951203
forecast,forecast_next,text_plus_vadlex_emoflow,105,disgust,0.4779135028062066,0.4817686638897789,-0.0038551610835722
forecast,forecast_next,text_plus_vadlex_emoflow,105,anger,0.4755462355408239,0.4784278581487645,-0.0028816226079406
forecast,forecast_next,text_plus_vadlex_emoflow,105,anticipation,0.7430349518778493,0.7411628075778471,0.0018721443000021
forecast,forecast_next,text_plus_vadbert_global,12,joy,0.6118758163367829,0.6204839563188531,-0.0086081399820702
forecast,forecast_next,text_plus_vadbert_global,12,trust,0.5891238670694864,0.5849166910260157,0.0042071760434706
forecast,forecast_next,text_plus_vadbert_global,12,fear,0.5223124926409984,0.5260907695680772,-0.0037782769270787
forecast,forecast_next,text_plus_vadbert_global,12,surprise,0.6957989791912054,0.6954029850746268,0.0003959941165785
forecast,forecast_next,text_plus_vadbert_global,12,sadness,0.5186046511627908,0.5241635687732342,-0.0055589176104434
forecast,forecast_next,text_plus_vadbert_global,12,disgust,0.4660350088325036,0.4744165821133497,-0.0083815732808461
forecast,forecast_next,text_plus_vadbert_global,12,anger,0.4640831758034026,0.4615003304692663,0.0025828453341362
forecast,forecast_next,text_plus_vadbert_global,12,anticipation,0.7414648274863329,0.7408970208431851,0.0005678066431478
forecast,forecast_next,text_plus_vadbert_global,24,joy,0.624487817773274,0.6274907674201534,-0.0030029496468794
forecast,forecast_next,text_plus_vadbert_global,24,trust,0.5891696120783698,0.592465016146394,-0.0032954040680241
forecast,forecast_next,text_plus_vadbert_global,24,fear,0.5233665559246955,0.5243066216354518,-0.0009400657107563
forecast,forecast_next,text_plus_vadbert_global,24,surprise,0.7009846785537771,0.6999925777480888,0.0009921008056883
forecast,forecast_next,text_plus_vadbert_global,24,sadness,0.5091226187281996,0.5241813449549059,-0.0150587262267062
forecast,forecast_next,text_plus_vadbert_global,24,disgust,0.4730284775465498,0.467055264517081,0.0059732130294687
forecast,forecast_next,text_plus_vadbert_global,24,anger,0.4670622242507226,0.4661990747649605,0.0008631494857621
forecast,forecast_next,text_plus_vadbert_global,24,anticipation,0.7426650590083671,0.7452498745249875,-0.0025848155166203
forecast,forecast_next,text_plus_vadbert_global,42,joy,0.623429662183158,0.6047223213830384,0.0187073408001196
forecast,forecast_next,text_plus_vadbert_global,42,trust,0.5903789445887064,0.5889797947837092,0.0013991498049972
forecast,forecast_next,text_plus_vadbert_global,42,fear,0.5253944020356234,0.5222854433380749,0.0031089586975484
forecast,forecast_next,text_plus_vadbert_global,42,surprise,0.7007034263671432,0.6979955281842074,0.0027078981829358
forecast,forecast_next,text_plus_vadbert_global,42,sadness,0.5254096660443891,0.5288151771864933,-0.0034055111421041
forecast,forecast_next,text_plus_vadbert_global,42,disgust,0.4703065134099617,0.4759331674369001,-0.0056266540269384
forecast,forecast_next,text_plus_vadbert_global,42,anger,0.4719366490691858,0.4721105343957891,-0.0001738853266032
forecast,forecast_next,text_plus_vadbert_global,42,anticipation,0.7421205467809335,0.7413329403529455,0.000787606427988
forecast,forecast_next,text_plus_vadbert_global,73,joy,0.6278065261087115,0.6287100221984707,-0.0009034960897592
forecast,forecast_next,text_plus_vadbert_global,73,trust,0.5891330330054243,0.5884339383706205,0.0006990946348037
forecast,forecast_next,text_plus_vadbert_global,73,fear,0.5249529458734957,0.5228357593258295,0.0021171865476662
forecast,forecast_next,text_plus_vadbert_global,73,surprise,0.6973490719764716,0.7023964474389404,-0.0050473754624688
forecast,forecast_next,text_plus_vadbert_global,73,sadness,0.5249666531346053,0.5177807571984933,0.007185895936112
forecast,forecast_next,text_plus_vadbert_global,73,disgust,0.4769023569023569,0.4727662616154396,0.0041360952869172
forecast,forecast_next,text_plus_vadbert_global,73,anger,0.4755370310997114,0.4734408033826638,0.0020962277170475
forecast,forecast_next,text_plus_vadbert_global,73,anticipation,0.743927927927928,0.742306428649655,0.0016214992782729
forecast,forecast_next,text_plus_vadbert_global,105,joy,0.6186646717785674,0.6148141104877817,0.0038505612907857
forecast,forecast_next,text_plus_vadbert_global,105,trust,0.5887132779712474,0.5852684376741594,0.003444840297088
forecast,forecast_next,text_plus_vadbert_global,105,fear,0.5220028544243578,0.5279835860025077,-0.0059807315781499
forecast,forecast_next,text_plus_vadbert_global,105,surprise,0.7005701603336777,0.6987013987900274,0.0018687615436503
forecast,forecast_next,text_plus_vadbert_global,105,sadness,0.5228189611699445,0.5253802340864994,-0.0025612729165548
forecast,forecast_next,text_plus_vadbert_global,105,disgust,0.4762474254202378,0.4817686638897789,-0.005521238469541
forecast,forecast_next,text_plus_vadbert_global,105,anger,0.4682255056663319,0.4784278581487645,-0.0102023524824326
forecast,forecast_next,text_plus_vadbert_global,105,anticipation,0.7428448151876887,0.7411628075778471,0.0016820076098416
forecast,forecast_next,text_plus_vadbert_emoflow,12,joy,0.61945801015034,0.6204839563188531,-0.0010259461685131
forecast,forecast_next,text_plus_vadbert_emoflow,12,trust,0.590652557319224,0.5849166910260157,0.0057358662932082
forecast,forecast_next,text_plus_vadbert_emoflow,12,fear,0.5253331950422652,0.5260907695680772,-0.000757574525812
forecast,forecast_next,text_plus_vadbert_emoflow,12,surprise,0.69869170880488,0.6954029850746268,0.0032887237302531
forecast,forecast_next,text_plus_vadbert_emoflow,12,sadness,0.5245882000598981,0.5241635687732342,0.0004246312866639
forecast,forecast_next,text_plus_vadbert_emoflow,12,disgust,0.4694184995480566,0.4744165821133497,-0.0049980825652931
forecast,forecast_next,text_plus_vadbert_emoflow,12,anger,0.462390051562026,0.4615003304692663,0.0008897210927596
forecast,forecast_next,text_plus_vadbert_emoflow,12,anticipation,0.7417981467568244,0.7408970208431851,0.0009011259136393
forecast,forecast_next,text_plus_vadbert_emoflow,24,joy,0.6273626567744215,0.6274907674201534,-0.0001281106457319
forecast,forecast_next,text_plus_vadbert_emoflow,24,trust,0.5897660562516429,0.592465016146394,-0.0026989598947511
forecast,forecast_next,text_plus_vadbert_emoflow,24,fear,0.5129107243827354,0.5243066216354518,-0.0113958972527163
forecast,forecast_next,text_plus_vadbert_emoflow,24,surprise,0.699783859032128,0.6999925777480888,-0.0002087187159607
forecast,forecast_next,text_plus_vadbert_emoflow,24,sadness,0.5238610409905037,0.5241813449549059,-0.0003203039644021
forecast,forecast_next,text_plus_vadbert_emoflow,24,disgust,0.4647598816478264,0.467055264517081,-0.0022953828692546
forecast,forecast_next,text_plus_vadbert_emoflow,24,anger,0.4677750265298903,0.4661990747649605,0.0015759517649298
forecast,forecast_next,text_plus_vadbert_emoflow,24,anticipation,0.7431589394583865,0.7452498745249875,-0.0020909350666009
forecast,forecast_next,text_plus_vadbert_emoflow,42,joy,0.6260539442899395,0.6047223213830384,0.0213316229069011
forecast,forecast_next,text_plus_vadbert_emoflow,42,trust,0.5842078261275128,0.5889797947837092,-0.0047719686561964
forecast,forecast_next,text_plus_vadbert_emoflow,42,fear,0.5219277673545967,0.5222854433380749,-0.0003576759834782
forecast,forecast_next,text_plus_vadbert_emoflow,42,surprise,0.6997496356638392,0.6979955281842074,0.0017541074796317
forecast,forecast_next,text_plus_vadbert_emoflow,42,sadness,0.5292494182585638,0.5288151771864933,0.0004342410720704
forecast,forecast_next,text_plus_vadbert_emoflow,42,disgust,0.4697677762599755,0.4759331674369001,-0.0061653911769245
forecast,forecast_next,text_plus_vadbert_emoflow,42,anger,0.4725236745697104,0.4721105343957891,0.0004131401739212
forecast,forecast_next,text_plus_vadbert_emoflow,42,anticipation,0.7443116359447005,0.7413329403529455,0.002978695591755
forecast,forecast_next,text_plus_vadbert_emoflow,73,joy,0.6281402574345317,0.6287100221984707,-0.0005697647639389
forecast,forecast_next,text_plus_vadbert_emoflow,73,trust,0.5942370021755539,0.5884339383706205,0.0058030638049333
forecast,forecast_next,text_plus_vadbert_emoflow,73,fear,0.5246263883235448,0.5228357593258295,0.0017906289977153
forecast,forecast_next,text_plus_vadbert_emoflow,73,surprise,0.7037933817594835,0.7023964474389404,0.0013969343205431
forecast,forecast_next,text_plus_vadbert_emoflow,73,sadness,0.5212832355511172,0.5177807571984933,0.0035024783526239
forecast,forecast_next,text_plus_vadbert_emoflow,73,disgust,0.4807982669205015,0.4727662616154396,0.0080320053050619
forecast,forecast_next,text_plus_vadbert_emoflow,73,anger,0.4746348962336664,0.4734408033826638,0.0011940928510025
forecast,forecast_next,text_plus_vadbert_emoflow,73,anticipation,0.7441111190663707,0.742306428649655,0.0018046904167157
forecast,forecast_next,text_plus_vadbert_emoflow,105,joy,0.6253020365895754,0.6148141104877817,0.0104879261017937
forecast,forecast_next,text_plus_vadbert_emoflow,105,trust,0.5861433572876359,0.5852684376741594,0.0008749196134765
forecast,forecast_next,text_plus_vadbert_emoflow,105,fear,0.5239041496201052,0.5279835860025077,-0.0040794363824024
forecast,forecast_next,text_plus_vadbert_emoflow,105,surprise,0.701750414969066,0.6987013987900274,0.0030490161790386
forecast,forecast_next,text_plus_vadbert_emoflow,105,sadness,0.5237315875613748,0.5253802340864994,-0.0016486465251245
forecast,forecast_next,text_plus_vadbert_emoflow,105,disgust,0.4767657992565056,0.4817686638897789,-0.0050028646332733
forecast,forecast_next,text_plus_vadbert_emoflow,105,anger,0.4743336287408821,0.4784278581487645,-0.0040942294078823
forecast,forecast_next,text_plus_vadbert_emoflow,105,anticipation,0.7429378531073446,0.7411628075778471,0.0017750455294974
forecast,forecast_next,text_plus_all_affective,12,joy,0.6188949651140864,0.6204839563188531,-0.0015889912047667
forecast,forecast_next,text_plus_all_affective,12,trust,0.5871792461697528,0.5849166910260157,0.002262555143737
forecast,forecast_next,text_plus_all_affective,12,fear,0.5263619904537225,0.5260907695680772,0.0002712208856452
forecast,forecast_next,text_plus_all_affective,12,surprise,0.701601389156859,0.6954029850746268,0.0061984040822321
forecast,forecast_next,text_plus_all_affective,12,sadness,0.528629395852119,0.5241635687732342,0.0044658270788847
forecast,forecast_next,text_plus_all_affective,12,disgust,0.4736495870184928,0.4744165821133497,-0.0007669950948569
forecast,forecast_next,text_plus_all_affective,12,anger,0.4704739123934818,0.4615003304692663,0.0089735819242154
forecast,forecast_next,text_plus_all_affective,12,anticipation,0.7424476295479603,0.7408970208431851,0.0015506087047751
forecast,forecast_next,text_plus_all_affective,24,joy,0.6241622894403188,0.6274907674201534,-0.0033284779798345
forecast,forecast_next,text_plus_all_affective,24,trust,0.5879399365259818,0.592465016146394,-0.0045250796204122
forecast,forecast_next,text_plus_all_affective,24,fear,0.5265383572783953,0.5243066216354518,0.0022317356429434
forecast,forecast_next,text_plus_all_affective,24,surprise,0.7004117041611527,0.6999925777480888,0.0004191264130639
forecast,forecast_next,text_plus_all_affective,24,sadness,0.5290846401957513,0.5241813449549059,0.0049032952408454
forecast,forecast_next,text_plus_all_affective,24,disgust,0.4769874476987448,0.467055264517081,0.0099321831816637
forecast,forecast_next,text_plus_all_affective,24,anger,0.4680983504512916,0.4661990747649605,0.0018992756863311
forecast,forecast_next,text_plus_all_affective,24,anticipation,0.7408113159148375,0.7452498745249875,-0.0044385586101499
forecast,forecast_next,text_plus_all_affective,42,joy,0.6248595189930322,0.6047223213830384,0.0201371976099937
forecast,forecast_next,text_plus_all_affective,42,trust,0.5873145436212609,0.5889797947837092,-0.0016652511624483
forecast,forecast_next,text_plus_all_affective,42,fear,0.5255335174491589,0.5222854433380749,0.0032480741110839
forecast,forecast_next,text_plus_all_affective,42,surprise,0.7021057056598005,0.6979955281842074,0.004110177475593
forecast,forecast_next,text_plus_all_affective,42,sadness,0.5297674418604651,0.5288151771864933,0.0009522646739718
forecast,forecast_next,text_plus_all_affective,42,disgust,0.4771537192453913,0.4759331674369001,0.0012205518084911
forecast,forecast_next,text_plus_all_affective,42,anger,0.4756978980173728,0.4721105343957891,0.0035873636215836
forecast,forecast_next,text_plus_all_affective,42,anticipation,0.7440453423276192,0.7413329403529455,0.0027124019746737
forecast,forecast_next,text_plus_all_affective,73,joy,0.6270907357656643,0.6287100221984707,-0.0016192864328063
forecast,forecast_next,text_plus_all_affective,73,trust,0.5846930665295246,0.5884339383706205,-0.0037408718410959
forecast,forecast_next,text_plus_all_affective,73,fear,0.5239563828615487,0.5228357593258295,0.0011206235357191
forecast,forecast_next,text_plus_all_affective,73,surprise,0.6983192626442568,0.7023964474389404,-0.0040771847946835
forecast,forecast_next,text_plus_all_affective,73,sadness,0.5278081891832713,0.5177807571984933,0.010027431984778
forecast,forecast_next,text_plus_all_affective,73,disgust,0.4757793155990096,0.4727662616154396,0.0030130539835699
forecast,forecast_next,text_plus_all_affective,73,anger,0.4694383454918903,0.4734408033826638,-0.0040024578907735
forecast,forecast_next,text_plus_all_affective,73,anticipation,0.7433486405714702,0.742306428649655,0.0010422119218151
forecast,forecast_next,text_plus_all_affective,105,joy,0.6240973346754781,0.6148141104877817,0.0092832241876964
forecast,forecast_next,text_plus_all_affective,105,trust,0.5878136200716846,0.5852684376741594,0.0025451823975252
forecast,forecast_next,text_plus_all_affective,105,fear,0.5284947077532718,0.5279835860025077,0.000511121750764
forecast,forecast_next,text_plus_all_affective,105,surprise,0.6988670244484197,0.6987013987900274,0.0001656256583923
forecast,forecast_next,text_plus_all_affective,105,sadness,0.5265561163181928,0.5253802340864994,0.0011758822316934
forecast,forecast_next,text_plus_all_affective,105,disgust,0.4762761101120487,0.4817686638897789,-0.0054925537777302
forecast,forecast_next,text_plus_all_affective,105,anger,0.4767742814330473,0.4784278581487645,-0.0016535767157172
forecast,forecast_next,text_plus_all_affective,105,anticipation,0.7402691361597453,0.7411628075778471,-0.0008936714181018
transition,change_subset,text_only,12,joy,0.7438275322172708,0.7438275322172708,0.0
transition,change_subset,text_only,12,trust,0.6897305639508713,0.6897305639508713,0.0
transition,change_subset,text_only,12,fear,0.6500248915439869,0.6500248915439869,0.0
transition,change_subset,text_only,12,surprise,0.8012666005009689,0.8012666005009689,0.0
transition,change_subset,text_only,12,sadness,0.677755891150507,0.677755891150507,0.0
transition,change_subset,text_only,12,disgust,0.6082712561006935,0.6082712561006935,0.0
transition,change_subset,text_only,12,anger,0.6107949646490775,0.6107949646490775,0.0
transition,change_subset,text_only,12,anticipation,0.8494454671994971,0.8494454671994971,0.0
transition,change_subset,text_only,24,joy,0.7414251068252685,0.7414251068252685,0.0
transition,change_subset,text_only,24,trust,0.6918307145867196,0.6918307145867196,0.0
transition,change_subset,text_only,24,fear,0.6431353155714904,0.6431353155714904,0.0
transition,change_subset,text_only,24,surprise,0.8027675190500678,0.8027675190500678,0.0
transition,change_subset,text_only,24,sadness,0.6734408364627053,0.6734408364627053,0.0
transition,change_subset,text_only,24,disgust,0.6099176223550316,0.6099176223550316,0.0
transition,change_subset,text_only,24,anger,0.6056019485038274,0.6056019485038274,0.0
transition,change_subset,text_only,24,anticipation,0.8494454671994971,0.8494454671994971,0.0
transition,change_subset,text_only,42,joy,0.7420819817163079,0.7420819817163079,0.0
transition,change_subset,text_only,42,trust,0.6914317033067414,0.6914317033067414,0.0
transition,change_subset,text_only,42,fear,0.6527690040008423,0.6527690040008423,0.0
transition,change_subset,text_only,42,surprise,0.8030083617508291,0.8030083617508291,0.0
transition,change_subset,text_only,42,sadness,0.675617089714006,0.675617089714006,0.0
transition,change_subset,text_only,42,disgust,0.6100032690421706,0.6100032690421706,0.0
transition,change_subset,text_only,42,anger,0.6112618166872175,0.6112618166872175,0.0
transition,change_subset,text_only,42,anticipation,0.8494454671994971,0.8494454671994971,0.0
transition,change_subset,text_only,73,joy,0.7457690861226025,0.7457690861226025,0.0
transition,change_subset,text_only,73,trust,0.6924650727772257,0.6924650727772257,0.0
transition,change_subset,text_only,73,fear,0.6565567666373299,0.6565567666373299,0.0
transition,change_subset,text_only,73,surprise,0.8030083617508291,0.8030083617508291,0.0
transition,change_subset,text_only,73,sadness,0.6771500139159476,0.6771500139159476,0.0
transition,change_subset,text_only,73,disgust,0.6028831144982095,0.6028831144982095,0.0
transition,change_subset,text_only,73,anger,0.6138917262512769,0.6138917262512769,0.0
transition,change_subset,text_only,73,anticipation,0.8485257708755346,0.8485257708755346,0.0
transition,change_subset,text_only,105,joy,0.7449840069787729,0.7449840069787729,0.0
transition,change_subset,text_only,105,trust,0.6920878185246001,0.6920878185246001,0.0
transition,change_subset,text_only,105,fear,0.6569410522146676,0.6569410522146676,0.0
transition,change_subset,text_only,105,surprise,0.802852585155297,0.802852585155297,0.0
transition,change_subset,text_only,105,sadness,0.6766014549050074,0.6766014549050074,0.0
transition,change_subset,text_only,105,disgust,0.6112745098039216,0.6112745098039216,0.0
transition,change_subset,text_only,105,anger,0.616904859126174,0.616904859126174,0.0
transition,change_subset,text_only,105,anticipation,0.8494454671994971,0.8494454671994971,0.0
transition,change_subset,text_plus_vadlex_emoflow,12,joy,0.7444571291233552,0.7438275322172708,0.0006295969060843
transition,change_subset,text_plus_vadlex_emoflow,12,trust,0.6931620339797082,0.6897305639508713,0.0034314700288369
transition,change_subset,text_plus_vadlex_emoflow,12,fear,0.6577849549185844,0.6500248915439869,0.0077600633745974
transition,change_subset,text_plus_vadlex_emoflow,12,surprise,0.8028596794542311,0.8012666005009689,0.0015930789532622
transition,change_subset,text_plus_vadlex_emoflow,12,sadness,0.6713625357693155,0.677755891150507,-0.0063933553811915
transition,change_subset,text_plus_vadlex_emoflow,12,disgust,0.6038848421782865,0.6082712561006935,-0.004386413922407
transition,change_subset,text_plus_vadlex_emoflow,12,anger,0.6105136367547105,0.6107949646490775,-0.0002813278943669
transition,change_subset,text_plus_vadlex_emoflow,12,anticipation,0.8494454671994971,0.8494454671994971,0.0
transition,change_subset,text_plus_vadlex_emoflow,24,joy,0.744499274310595,0.7414251068252685,0.0030741674853265
transition,change_subset,text_plus_vadlex_emoflow,24,trust,0.6933157008896369,0.6918307145867196,0.0014849863029172
transition,change_subset,text_plus_vadlex_emoflow,24,fear,0.6563531353135313,0.6431353155714904,0.0132178197420409
transition,change_subset,text_plus_vadlex_emoflow,24,surprise,0.8030083617508291,0.8027675190500678,0.0002408427007613
transition,change_subset,text_plus_vadlex_emoflow,24,sadness,0.6746602717825739,0.6734408364627053,0.0012194353198686
transition,change_subset,text_plus_vadlex_emoflow,24,disgust,0.6083249749247743,0.6099176223550316,-0.0015926474302572
transition,change_subset,text_plus_vadlex_emoflow,24,anger,0.6041629603273438,0.6056019485038274,-0.0014389881764835
transition,change_subset,text_plus_vadlex_emoflow,24,anticipation,0.8494454671994971,0.8494454671994971,0.0
transition,change_subset,text_plus_vadlex_emoflow,42,joy,0.7439499907160982,0.7420819817163079,0.0018680089997903
transition,change_subset,text_plus_vadlex_emoflow,42,trust,0.6859135826390235,0.6914317033067414,-0.0055181206677179
transition,change_subset,text_plus_vadlex_emoflow,42,fear,0.6547556489753021,0.6527690040008423,0.0019866449744598
transition,change_subset,text_plus_vadlex_emoflow,42,surprise,0.8030083617508291,0.8030083617508291,0.0
transition,change_subset,text_plus_vadlex_emoflow,42,sadness,0.6741976509313983,0.675617089714006,-0.0014194387826077
transition,change_subset,text_plus_vadlex_emoflow,42,disgust,0.5976969138645786,0.6100032690421706,-0.012306355177592
transition,change_subset,text_plus_vadlex_emoflow,42,anger,0.6150424252409589,0.6112618166872175,0.0037806085537414
transition,change_subset,text_plus_vadlex_emoflow,42,anticipation,0.8494454671994971,0.8494454671994971,0.0
transition,change_subset,text_plus_vadlex_emoflow,73,joy,0.743210032138131,0.7457690861226025,-0.0025590539844715
transition,change_subset,text_plus_vadlex_emoflow,73,trust,0.690146750524109,0.6924650727772257,-0.0023183222531166
transition,change_subset,text_plus_vadlex_emoflow,73,fear,0.653775196446874,0.6565567666373299,-0.0027815701904558
transition,change_subset,text_plus_vadlex_emoflow,73,surprise,0.8030083617508291,0.8030083617508291,0.0
transition,change_subset,text_plus_vadlex_emoflow,73,sadness,0.673874367045299,0.6771500139159476,-0.0032756468706486
transition,change_subset,text_plus_vadlex_emoflow,73,disgust,0.609914142232302,0.6028831144982095,0.0070310277340924
transition,change_subset,text_plus_vadlex_emoflow,73,anger,0.611644708882278,0.6138917262512769,-0.0022470173689989
transition,change_subset,text_plus_vadlex_emoflow,73,anticipation,0.8489370308777923,0.8485257708755346,0.0004112600022576
transition,change_subset,text_plus_vadlex_emoflow,105,joy,0.7447874199184624,0.7449840069787729,-0.0001965870603104
transition,change_subset,text_plus_vadlex_emoflow,105,trust,0.6950898203592815,0.6920878185246001,0.0030020018346813
transition,change_subset,text_plus_vadlex_emoflow,105,fear,0.652789342214821,0.6569410522146676,-0.0041517099998465
transition,change_subset,text_plus_vadlex_emoflow,105,surprise,0.802880119693286,0.802852585155297,2.753453798898242e-05
transition,change_subset,text_plus_vadlex_emoflow,105,sadness,0.6751054852320675,0.6766014549050074,-0.0014959696729399
transition,change_subset,text_plus_vadlex_emoflow,105,disgust,0.6107600341588386,0.6112745098039216,-0.000514475645083
transition,change_subset,text_plus_vadlex_emoflow,105,anger,0.614986634474433,0.616904859126174,-0.0019182246517409
transition,change_subset,text_plus_vadlex_emoflow,105,anticipation,0.848635012163258,0.8494454671994971,-0.0008104550362391
transition,change_subset,text_plus_vadbert_global,12,joy,0.7433874709976798,0.7438275322172708,-0.000440061219591
transition,change_subset,text_plus_vadbert_global,12,trust,0.6910058946567789,0.6897305639508713,0.0012753307059075
transition,change_subset,text_plus_vadbert_global,12,fear,0.6535175163771005,0.6500248915439869,0.0034926248331136
transition,change_subset,text_plus_vadbert_global,12,surprise,0.8029360886436954,0.8012666005009689,0.0016694881427264
transition,change_subset,text_plus_vadbert_global,12,sadness,0.6739381681594915,0.677755891150507,-0.0038177229910155
transition,change_subset,text_plus_vadbert_global,12,disgust,0.6050721390805628,0.6082712561006935,-0.0031991170201307
transition,change_subset,text_plus_vadbert_global,12,anger,0.610755329414861,0.6107949646490775,-3.963523421646187e-05
transition,change_subset,text_plus_vadbert_global,12,anticipation,0.8492633848365073,0.8494454671994971,-0.0001820823629897
transition,change_subset,text_plus_vadbert_global,24,joy,0.7397599307016458,0.7414251068252685,-0.0016651761236227
transition,change_subset,text_plus_vadbert_global,24,trust,0.6924609162793505,0.6918307145867196,0.0006302016926308
transition,change_subset,text_plus_vadbert_global,24,fear,0.6534614630319671,0.6431353155714904,0.0103261474604766
transition,change_subset,text_plus_vadbert_global,24,surprise,0.8028781012007663,0.8027675190500678,0.0001105821506984
transition,change_subset,text_plus_vadbert_global,24,sadness,0.6746145059965734,0.6734408364627053,0.0011736695338681
transition,change_subset,text_plus_vadbert_global,24,disgust,0.6002576212966939,0.6099176223550316,-0.0096600010583376
transition,change_subset,text_plus_vadbert_global,24,anger,0.61,0.6056019485038274,0.0043980514961725
transition,change_subset,text_plus_vadbert_global,24,anticipation,0.8494454671994971,0.8494454671994971,0.0
transition,change_subset,text_plus_vadbert_global,42,joy,0.7457044673539519,0.7420819817163079,0.003622485637644
transition,change_subset,text_plus_vadbert_global,42,trust,0.6858710562414266,0.6914317033067414,-0.0055606470653147
transition,change_subset,text_plus_vadbert_global,42,fear,0.6571770840673666,0.6527690040008423,0.0044080800665243
transition,change_subset,text_plus_vadbert_global,42,surprise,0.8030083617508291,0.8030083617508291,0.0
transition,change_subset,text_plus_vadbert_global,42,sadness,0.6751981385879444,0.675617089714006,-0.0004189511260616
transition,change_subset,text_plus_vadbert_global,42,disgust,0.6091192814188932,0.6100032690421706,-0.0008839876232774
transition,change_subset,text_plus_vadbert_global,42,anger,0.6121653676719756,0.6112618166872175,0.0009035509847581
transition,change_subset,text_plus_vadbert_global,42,anticipation,0.8494454671994971,0.8494454671994971,0.0
transition,change_subset,text_plus_vadbert_global,73,joy,0.7480934511560344,0.7457690861226025,0.0023243650334319
transition,change_subset,text_plus_vadbert_global,73,trust,0.6949630785855796,0.6924650727772257,0.0024980058083539
transition,change_subset,text_plus_vadbert_global,73,fear,0.654501704431522,0.6565567666373299,-0.0020550622058078
transition,change_subset,text_plus_vadbert_global,73,surprise,0.8030083617508291,0.8030083617508291,0.0
transition,change_subset,text_plus_vadbert_global,73,sadness,0.6781537609853989,0.6771500139159476,0.0010037470694512
transition,change_subset,text_plus_vadbert_global,73,disgust,0.6119302949061662,0.6028831144982095,0.0090471804079567
transition,change_subset,text_plus_vadbert_global,73,anger,0.6180105944673338,0.6138917262512769,0.0041188682160568
transition,change_subset,text_plus_vadbert_global,73,anticipation,0.8494454671994971,0.8485257708755346,0.0009196963239624
transition,change_subset,text_plus_vadbert_global,105,joy,0.7461949814890991,0.7449840069787729,0.0012109745103262
transition,change_subset,text_plus_vadbert_global,105,trust,0.6948636878840303,0.6920878185246001,0.0027758693594301
transition,change_subset,text_plus_vadbert_global,105,fear,0.6447106990186043,0.6569410522146676,-0.0122303531960632
transition,change_subset,text_plus_vadbert_global,105,surprise,0.8030083617508291,0.802852585155297,0.0001557765955321
transition,change_subset,text_plus_vadbert_global,105,sadness,0.6783617556611686,0.6766014549050074,0.0017603007561611
transition,change_subset,text_plus_vadbert_global,105,disgust,0.6101059494702527,0.6112745098039216,-0.0011685603336689
transition,change_subset,text_plus_vadbert_global,105,anger,0.6128759716120311,0.616904859126174,-0.0040288875141428
transition,change_subset,text_plus_vadbert_global,105,anticipation,0.8491328960373798,0.8494454671994971,-0.0003125711621172
transition,change_subset,text_plus_vadbert_emoflow,12,joy,0.7424400417101147,0.7438275322172708,-0.0013874905071561
transition,change_subset,text_plus_vadbert_emoflow,12,trust,0.6914356130622304,0.6897305639508713,0.0017050491113591
transition,change_subset,text_plus_vadbert_emoflow,12,fear,0.6464541891592103,0.6500248915439869,-0.0035707023847766
transition,change_subset,text_plus_vadbert_emoflow,12,surprise,0.8021947101857062,0.8012666005009689,0.0009281096847373
transition,change_subset,text_plus_vadbert_emoflow,12,sadness,0.667601683029453,0.677755891150507,-0.010154208121054
transition,change_subset,text_plus_vadbert_emoflow,12,disgust,0.5998384636094409,0.6082712561006935,-0.0084327924912526
transition,change_subset,text_plus_vadbert_emoflow,12,anger,0.6117206770434634,0.6107949646490775,0.0009257123943859
transition,change_subset,text_plus_vadbert_emoflow,12,anticipation,0.8494454671994971,0.8494454671994971,0.0
transition,change_subset,text_plus_vadbert_emoflow,24,joy,0.7456523003547956,0.7414251068252685,0.004227193529527
transition,change_subset,text_plus_vadbert_emoflow,24,trust,0.6954583785086135,0.6918307145867196,0.0036276639218938
transition,change_subset,text_plus_vadbert_emoflow,24,fear,0.6571650686706401,0.6431353155714904,0.0140297530991496
transition,change_subset,text_plus_vadbert_emoflow,24,surprise,0.8025983736797832,0.8027675190500678,-0.0001691453702846
transition,change_subset,text_plus_vadbert_emoflow,24,sadness,0.6759277900812026,0.6734408364627053,0.0024869536184973
transition,change_subset,text_plus_vadbert_emoflow,24,disgust,0.6061821219715957,0.6099176223550316,-0.0037355003834358
transition,change_subset,text_plus_vadbert_emoflow,24,anger,0.6145479265805575,0.6056019485038274,0.00894597807673
transition,change_subset,text_plus_vadbert_emoflow,24,anticipation,0.8494454671994971,0.8494454671994971,0.0
transition,change_subset,text_plus_vadbert_emoflow,42,joy,0.7456322541233965,0.7420819817163079,0.0035502724070886
transition,change_subset,text_plus_vadbert_emoflow,42,trust,0.689650825664944,0.6914317033067414,-0.0017808776417974
transition,change_subset,text_plus_vadbert_emoflow,42,fear,0.6538704914574984,0.6527690040008423,0.0011014874566561
transition,change_subset,text_plus_vadbert_emoflow,42,surprise,0.8029162966771043,0.8030083617508291,-9.206507372483408e-05
transition,change_subset,text_plus_vadbert_emoflow,42,sadness,0.6764113655007831,0.675617089714006,0.000794275786777
transition,change_subset,text_plus_vadbert_emoflow,42,disgust,0.6045671992057045,0.6100032690421706,-0.0054360698364661
transition,change_subset,text_plus_vadbert_emoflow,42,anger,0.6139292122002936,0.6112618166872175,0.0026673955130761
transition,change_subset,text_plus_vadbert_emoflow,42,anticipation,0.8494024620361218,0.8494454671994971,-4.300516337529814e-05
transition,change_subset,text_plus_vadbert_emoflow,73,joy,0.7458848375675508,0.7457690861226025,0.0001157514449482
transition,change_subset,text_plus_vadbert_emoflow,73,trust,0.6921119592875318,0.6924650727772257,-0.0003531134896939
transition,change_subset,text_plus_vadbert_emoflow,73,fear,0.6539727988546886,0.6565567666373299,-0.0025839677826412
transition,change_subset,text_plus_vadbert_emoflow,73,surprise,0.8030083617508291,0.8030083617508291,0.0
transition,change_subset,text_plus_vadbert_emoflow,73,sadness,0.6729112539313551,0.6771500139159476,-0.0042387599845925
transition,change_subset,text_plus_vadbert_emoflow,73,disgust,0.6120682994668933,0.6028831144982095,0.0091851849686838
transition,change_subset,text_plus_vadbert_emoflow,73,anger,0.6082973663348895,0.6138917262512769,-0.0055943599163873
transition,change_subset,text_plus_vadbert_emoflow,73,anticipation,0.8479545352036444,0.8485257708755346,-0.0005712356718902
transition,change_subset,text_plus_vadbert_emoflow,105,joy,0.7448219688154526,0.7449840069787729,-0.0001620381633202
transition,change_subset,text_plus_vadbert_emoflow,105,trust,0.6955896452540747,0.6920878185246001,0.0035018267294746
transition,change_subset,text_plus_vadbert_emoflow,105,fear,0.6521822236381013,0.6569410522146676,-0.0047588285765662
transition,change_subset,text_plus_vadbert_emoflow,105,surprise,0.8027872609081981,0.802852585155297,-6.532424709893014e-05
transition,change_subset,text_plus_vadbert_emoflow,105,sadness,0.6769317700240147,0.6766014549050074,0.0003303151190072
transition,change_subset,text_plus_vadbert_emoflow,105,disgust,0.6097954333248451,0.6112745098039216,-0.0014790764790765
transition,change_subset,text_plus_vadbert_emoflow,105,anger,0.6145213399081789,0.616904859126174,-0.002383519217995
transition,change_subset,text_plus_vadbert_emoflow,105,anticipation,0.8476946675087973,0.8494454671994971,-0.0017507996906998
transition,change_subset,text_plus_all_affective,12,joy,0.7424784470119055,0.7438275322172708,-0.0013490852053653
transition,change_subset,text_plus_all_affective,12,trust,0.6909226375263877,0.6897305639508713,0.0011920735755164
transition,change_subset,text_plus_all_affective,12,fear,0.6506592030640053,0.6500248915439869,0.0006343115200183
transition,change_subset,text_plus_all_affective,12,surprise,0.8030083617508291,0.8012666005009689,0.0017417612498602
transition,change_subset,text_plus_all_affective,12,sadness,0.6718986248110015,0.677755891150507,-0.0058572663395055
transition,change_subset,text_plus_all_affective,12,disgust,0.6137190222447771,0.6082712561006935,0.0054477661440835
transition,change_subset,text_plus_all_affective,12,anger,0.6132946001367054,0.6107949646490775,0.0024996354876279
transition,change_subset,text_plus_all_affective,12,anticipation,0.8494454671994971,0.8494454671994971,0.0
transition,change_subset,text_plus_all_affective,24,joy,0.7472291741151234,0.7414251068252685,0.0058040672898548
transition,change_subset,text_plus_all_affective,24,trust,0.6939386679444178,0.6918307145867196,0.0021079533576982
transition,change_subset,text_plus_all_affective,24,fear,0.6577633886415756,0.6431353155714904,0.0146280730700851
transition,change_subset,text_plus_all_affective,24,surprise,0.80239633061874,0.8027675190500678,-0.0003711884313277
transition,change_subset,text_plus_all_affective,24,sadness,0.6734932709186658,0.6734408364627053,5.243445596059271e-05
transition,change_subset,text_plus_all_affective,24,disgust,0.610925492816572,0.6099176223550316,0.0010078704615404
transition,change_subset,text_plus_all_affective,24,anger,0.608953144051559,0.6056019485038274,0.0033511955477315
transition,change_subset,text_plus_all_affective,24,anticipation,0.849290461649003,0.8494454671994971,-0.000155005550494
transition,change_subset,text_plus_all_affective,42,joy,0.7453953212910868,0.7420819817163079,0.0033133395747788
transition,change_subset,text_plus_all_affective,42,trust,0.6919632050351004,0.6914317033067414,0.000531501728359
transition,change_subset,text_plus_all_affective,42,fear,0.6500111865165188,0.6527690040008423,-0.0027578174843234
transition,change_subset,text_plus_all_affective,42,surprise,0.8026930989339817,0.8030083617508291,-0.0003152628168474
transition,change_subset,text_plus_all_affective,42,sadness,0.6801462359173319,0.675617089714006,0.0045291462033258
transition,change_subset,text_plus_all_affective,42,disgust,0.6065631616090331,0.6100032690421706,-0.0034401074331374
transition,change_subset,text_plus_all_affective,42,anger,0.6150077570017147,0.6112618166872175,0.0037459403144972
transition,change_subset,text_plus_all_affective,42,anticipation,0.8493913668418452,0.8494454671994971,-5.410035765185395e-05
transition,change_subset,text_plus_all_affective,73,joy,0.7411801830230357,0.7457690861226025,-0.0045889030995668
transition,change_subset,text_plus_all_affective,73,trust,0.6884483760573384,0.6924650727772257,-0.0040166967198872
transition,change_subset,text_plus_all_affective,73,fear,0.6537166900420758,0.6565567666373299,-0.002840076595254
transition,change_subset,text_plus_all_affective,73,surprise,0.8027542273642794,0.8030083617508291,-0.0002541343865497
transition,change_subset,text_plus_all_affective,73,sadness,0.6757532281205165,0.6771500139159476,-0.0013967857954311
transition,change_subset,text_plus_all_affective,73,disgust,0.6082389627441326,0.6028831144982095,0.005355848245923
transition,change_subset,text_plus_all_affective,73,anger,0.6133527791281802,0.6138917262512769,-0.0005389471230966
transition,change_subset,text_plus_all_affective,73,anticipation,0.8484000541589566,0.8485257708755346,-0.000125716716578
transition,change_subset,text_plus_all_affective,105,joy,0.7465089334715531,0.7449840069787729,0.0015249264927802
transition,change_subset,text_plus_all_affective,105,trust,0.6922239690409965,0.6920878185246001,0.0001361505163963
transition,change_subset,text_plus_all_affective,105,fear,0.654449926315115,0.6569410522146676,-0.0024911258995525
transition,change_subset,text_plus_all_affective,105,surprise,0.8028978733348914,0.802852585155297,4.528817959437159e-05
transition,change_subset,text_plus_all_affective,105,sadness,0.6743662816859157,0.6766014549050074,-0.0022351732190917
transition,change_subset,text_plus_all_affective,105,disgust,0.6098012020342117,0.6112745098039216,-0.0014733077697098
transition,change_subset,text_plus_all_affective,105,anger,0.6159922618088022,0.616904859126174,-0.0009125973173718
transition,change_subset,text_plus_all_affective,105,anticipation,0.8494454671994971,0.8494454671994971,0.0
forecast-transition,forecast_change_subset,text_only,12,joy,0.7164384285940887,0.7164384285940887,0.0
forecast-transition,forecast_change_subset,text_only,12,trust,0.67615241140421,0.67615241140421,0.0
forecast-transition,forecast_change_subset,text_only,12,fear,0.617171596216022,0.617171596216022,0.0
forecast-transition,forecast_change_subset,text_only,12,surprise,0.8023027239539455,0.8023027239539455,0.0
forecast-transition,forecast_change_subset,text_only,12,sadness,0.6052399972919911,0.6052399972919911,0.0
forecast-transition,forecast_change_subset,text_only,12,disgust,0.5410220346929208,0.5410220346929208,0.0
forecast-transition,forecast_change_subset,text_only,12,anger,0.5433804128511563,0.5433804128511563,0.0
forecast-transition,forecast_change_subset,text_only,12,anticipation,0.8492338111715274,0.8492338111715274,0.0
forecast-transition,forecast_change_subset,text_only,24,joy,0.7153797733948805,0.7153797733948805,0.0
forecast-transition,forecast_change_subset,text_only,24,trust,0.6796516720770855,0.6796516720770855,0.0
forecast-transition,forecast_change_subset,text_only,24,fear,0.6124246079613993,0.6124246079613993,0.0
forecast-transition,forecast_change_subset,text_only,24,surprise,0.8030083617508291,0.8030083617508291,0.0
forecast-transition,forecast_change_subset,text_only,24,sadness,0.6180267819612082,0.6180267819612082,0.0
forecast-transition,forecast_change_subset,text_only,24,disgust,0.5341414761393279,0.5341414761393279,0.0
forecast-transition,forecast_change_subset,text_only,24,anger,0.5351329892814609,0.5351329892814609,0.0
forecast-transition,forecast_change_subset,text_only,24,anticipation,0.8494454671994971,0.8494454671994971,0.0
forecast-transition,forecast_change_subset,text_only,42,joy,0.7176531671858775,0.7176531671858775,0.0
forecast-transition,forecast_change_subset,text_only,42,trust,0.6775130737943056,0.6775130737943056,0.0
forecast-transition,forecast_change_subset,text_only,42,fear,0.6124484393277104,0.6124484393277104,0.0
forecast-transition,forecast_change_subset,text_only,42,surprise,0.8026733968966162,0.8026733968966162,0.0
forecast-transition,forecast_change_subset,text_only,42,sadness,0.6191430719118015,0.6191430719118015,0.0
forecast-transition,forecast_change_subset,text_only,42,disgust,0.5470864795554923,0.5470864795554923,0.0
forecast-transition,forecast_change_subset,text_only,42,anger,0.5548248749106505,0.5548248749106505,0.0
forecast-transition,forecast_change_subset,text_only,42,anticipation,0.8494454671994971,0.8494454671994971,0.0
forecast-transition,forecast_change_subset,text_only,73,joy,0.7099071035211659,0.7099071035211659,0.0
forecast-transition,forecast_change_subset,text_only,73,trust,0.6787354198553861,0.6787354198553861,0.0
forecast-transition,forecast_change_subset,text_only,73,fear,0.6161902414982751,0.6161902414982751,0.0
forecast-transition,forecast_change_subset,text_only,73,surprise,0.8030083617508291,0.8030083617508291,0.0
forecast-transition,forecast_change_subset,text_only,73,sadness,0.6184978123480798,0.6184978123480798,0.0
forecast-transition,forecast_change_subset,text_only,73,disgust,0.5469004893964111,0.5469004893964111,0.0
forecast-transition,forecast_change_subset,text_only,73,anger,0.5478910369068541,0.5478910369068541,0.0
forecast-transition,forecast_change_subset,text_only,73,anticipation,0.8494454671994971,0.8494454671994971,0.0
forecast-transition,forecast_change_subset,text_only,105,joy,0.7157803904648905,0.7157803904648905,0.0
forecast-transition,forecast_change_subset,text_only,105,trust,0.6797587753208597,0.6797587753208597,0.0
forecast-transition,forecast_change_subset,text_only,105,fear,0.6151437339512745,0.6151437339512745,0.0
forecast-transition,forecast_change_subset,text_only,105,surprise,0.8030083617508291,0.8030083617508291,0.0
forecast-transition,forecast_change_subset,text_only,105,sadness,0.6190889909395557,0.6190889909395557,0.0
forecast-transition,forecast_change_subset,text_only,105,disgust,0.5507689953324661,0.5507689953324661,0.0
forecast-transition,forecast_change_subset,text_only,105,anger,0.5487870619946091,0.5487870619946091,0.0
forecast-transition,forecast_change_subset,text_only,105,anticipation,0.8494454671994971,0.8494454671994971,0.0
forecast-transition,forecast_change_subset,text_plus_vadlex_emoflow,12,joy,0.7164892235782914,0.7164384285940887,5.079498420268447e-05
forecast-transition,forecast_change_subset,text_plus_vadlex_emoflow,12,trust,0.6771737394174964,0.67615241140421,0.0010213280132863
forecast-transition,forecast_change_subset,text_plus_vadlex_emoflow,12,fear,0.6154415848916868,0.617171596216022,-0.0017300113243352
forecast-transition,forecast_change_subset,text_plus_vadlex_emoflow,12,surprise,0.8030083617508291,0.8023027239539455,0.0007056377968835
forecast-transition,forecast_change_subset,text_plus_vadlex_emoflow,12,sadness,0.6194186046511628,0.6052399972919911,0.0141786073591717
forecast-transition,forecast_change_subset,text_plus_vadlex_emoflow,12,disgust,0.5417107397221634,0.5410220346929208,0.0006887050292426
forecast-transition,forecast_change_subset,text_plus_vadlex_emoflow,12,anger,0.5487022048562658,0.5433804128511563,0.0053217920051094
forecast-transition,forecast_change_subset,text_plus_vadlex_emoflow,12,anticipation,0.8494454671994971,0.8492338111715274,0.0002116560279696
forecast-transition,forecast_change_subset,text_plus_vadlex_emoflow,24,joy,0.7156119944509658,0.7153797733948805,0.0002322210560853
forecast-transition,forecast_change_subset,text_plus_vadlex_emoflow,24,trust,0.6797587753208597,0.6796516720770855,0.0001071032437741
forecast-transition,forecast_change_subset,text_plus_vadlex_emoflow,24,fear,0.6184187356929037,0.6124246079613993,0.0059941277315044
forecast-transition,forecast_change_subset,text_plus_vadlex_emoflow,24,surprise,0.8030083617508291,0.8030083617508291,0.0
forecast-transition,forecast_change_subset,text_plus_vadlex_emoflow,24,sadness,0.6166066774233586,0.6180267819612082,-0.0014201045378495
forecast-transition,forecast_change_subset,text_plus_vadlex_emoflow,24,disgust,0.5444620025858353,0.5341414761393279,0.0103205264465073
forecast-transition,forecast_change_subset,text_plus_vadlex_emoflow,24,anger,0.5460501448910168,0.5351329892814609,0.0109171556095558
forecast-transition,forecast_change_subset,text_plus_vadlex_emoflow,24,anticipation,0.8494454671994971,0.8494454671994971,0.0
forecast-transition,forecast_change_subset,text_plus_vadlex_emoflow,42,joy,0.7176789248880092,0.7176531671858775,2.575770213175677e-05
forecast-transition,forecast_change_subset,text_plus_vadlex_emoflow,42,trust,0.6796516720770855,0.6775130737943056,0.0021385982827799
forecast-transition,forecast_change_subset,text_plus_vadlex_emoflow,42,fear,0.6182780238108933,0.6124484393277104,0.0058295844831828
forecast-transition,forecast_change_subset,text_plus_vadlex_emoflow,42,surprise,0.8030083617508291,0.8026733968966162,0.0003349648542129
forecast-transition,forecast_change_subset,text_plus_vadlex_emoflow,42,sadness,0.6202473660100779,0.6191430719118015,0.0011042940982763
forecast-transition,forecast_change_subset,text_plus_vadlex_emoflow,42,disgust,0.546908776480761,0.5470864795554923,-0.0001777030747313
forecast-transition,forecast_change_subset,text_plus_vadlex_emoflow,42,anger,0.5494521132773588,0.5548248749106505,-0.0053727616332917
forecast-transition,forecast_change_subset,text_plus_vadlex_emoflow,42,anticipation,0.8494454671994971,0.8494454671994971,0.0
forecast-transition,forecast_change_subset,text_plus_vadlex_emoflow,73,joy,0.7046363585150133,0.7099071035211659,-0.0052707450061526
forecast-transition,forecast_change_subset,text_plus_vadlex_emoflow,73,trust,0.6787283535797364,0.6787354198553861,-7.066275649725284e-06
forecast-transition,forecast_change_subset,text_plus_vadlex_emoflow,73,fear,0.6153096050706972,0.6161902414982751,-0.0008806364275778
forecast-transition,forecast_change_subset,text_plus_vadlex_emoflow,73,surprise,0.8029169783096485,0.8030083617508291,-9.1383441180648e-05
forecast-transition,forecast_change_subset,text_plus_vadlex_emoflow,73,sadness,0.6140114300391704,0.6184978123480798,-0.0044863823089094
forecast-transition,forecast_change_subset,text_plus_vadlex_emoflow,73,disgust,0.5381487682372638,0.5469004893964111,-0.0087517211591473
forecast-transition,forecast_change_subset,text_plus_vadlex_emoflow,73,anger,0.5351181356342231,0.5478910369068541,-0.012772901272631
forecast-transition,forecast_change_subset,text_plus_vadlex_emoflow,73,anticipation,0.8494454671994971,0.8494454671994971,0.0
forecast-transition,forecast_change_subset,text_plus_vadlex_emoflow,105,joy,0.716161300406377,0.7157803904648905,0.0003809099414865
forecast-transition,forecast_change_subset,text_plus_vadlex_emoflow,105,trust,0.6698081827253576,0.6797587753208597,-0.0099505925955021
forecast-transition,forecast_change_subset,text_plus_vadlex_emoflow,105,fear,0.6148640020431618,0.6151437339512745,-0.0002797319081127
forecast-transition,forecast_change_subset,text_plus_vadlex_emoflow,105,surprise,0.8030083617508291,0.8030083617508291,0.0
forecast-transition,forecast_change_subset,text_plus_vadlex_emoflow,105,sadness,0.6196876600102407,0.6190889909395557,0.0005986690706849
forecast-transition,forecast_change_subset,text_plus_vadlex_emoflow,105,disgust,0.5461311831291673,0.5507689953324661,-0.0046378122032988
forecast-transition,forecast_change_subset,text_plus_vadlex_emoflow,105,anger,0.5519513068385249,0.5487870619946091,0.0031642448439157
forecast-transition,forecast_change_subset,text_plus_vadlex_emoflow,105,anticipation,0.8494454671994971,0.8494454671994971,0.0
forecast-transition,forecast_change_subset,text_plus_vadbert_global,12,joy,0.7092726263187118,0.7164384285940887,-0.0071658022753768
forecast-transition,forecast_change_subset,text_plus_vadbert_global,12,trust,0.6794050706610915,0.67615241140421,0.0032526592568814
forecast-transition,forecast_change_subset,text_plus_vadbert_global,12,fear,0.6133246668833279,0.617171596216022,-0.0038469293326941
forecast-transition,forecast_change_subset,text_plus_vadbert_global,12,surprise,0.802226588081205,0.8023027239539455,-7.61358727405792e-05
forecast-transition,forecast_change_subset,text_plus_vadbert_global,12,sadness,0.6161933457272902,0.6052399972919911,0.0109533484352991
forecast-transition,forecast_change_subset,text_plus_vadbert_global,12,disgust,0.5387596899224806,0.5410220346929208,-0.0022623447704401
forecast-transition,forecast_change_subset,text_plus_vadbert_global,12,anger,0.5424593967517402,0.5433804128511563,-0.0009210160994161
forecast-transition,forecast_change_subset,text_plus_vadbert_global,12,anticipation,0.8493421348062329,0.8492338111715274,0.0001083236347054
forecast-transition,forecast_change_subset,text_plus_vadbert_global,24,joy,0.7106781321432459,0.7153797733948805,-0.0047016412516345
forecast-transition,forecast_change_subset,text_plus_vadbert_global,24,trust,0.6796516720770855,0.6796516720770855,0.0
forecast-transition,forecast_change_subset,text_plus_vadbert_global,24,fear,0.6148613593128495,0.6124246079613993,0.0024367513514501
forecast-transition,forecast_change_subset,text_plus_vadbert_global,24,surprise,0.8030083617508291,0.8030083617508291,0.0
forecast-transition,forecast_change_subset,text_plus_vadbert_global,24,sadness,0.6155655996532723,0.6180267819612082,-0.0024611823079359
forecast-transition,forecast_change_subset,text_plus_vadbert_global,24,disgust,0.5443268879970814,0.5341414761393279,0.0101854118577534
forecast-transition,forecast_change_subset,text_plus_vadbert_global,24,anger,0.5469835974423131,0.5351329892814609,0.0118506081608521
forecast-transition,forecast_change_subset,text_plus_vadbert_global,24,anticipation,0.8487251103703036,0.8494454671994971,-0.0007203568291934
forecast-transition,forecast_change_subset,text_plus_vadbert_global,42,joy,0.7169111969111969,0.7176531671858775,-0.0007419702746805
forecast-transition,forecast_change_subset,text_plus_vadbert_global,42,trust,0.679383788254756,0.6775130737943056,0.0018707144604503
forecast-transition,forecast_change_subset,text_plus_vadbert_global,42,fear,0.6118119625933597,0.6124484393277104,-0.0006364767343507
forecast-transition,forecast_change_subset,text_plus_vadbert_global,42,surprise,0.8030083617508291,0.8026733968966162,0.0003349648542129
forecast-transition,forecast_change_subset,text_plus_vadbert_global,42,sadness,0.6180823280686482,0.6191430719118015,-0.0010607438431533
forecast-transition,forecast_change_subset,text_plus_vadbert_global,42,disgust,0.5470133128877117,0.5470864795554923,-7.316666778056646e-05
forecast-transition,forecast_change_subset,text_plus_vadbert_global,42,anger,0.5431041077028991,0.5548248749106505,-0.0117207672077513
forecast-transition,forecast_change_subset,text_plus_vadbert_global,42,anticipation,0.8489895125354459,0.8494454671994971,-0.0004559546640512
forecast-transition,forecast_change_subset,text_plus_vadbert_global,73,joy,0.7142020341871239,0.7099071035211659,0.0042949306659579
forecast-transition,forecast_change_subset,text_plus_vadbert_global,73,trust,0.6772352568167407,0.6787354198553861,-0.0015001630386454
forecast-transition,forecast_change_subset,text_plus_vadbert_global,73,fear,0.6198687801196076,0.6161902414982751,0.0036785386213324
forecast-transition,forecast_change_subset,text_plus_vadbert_global,73,surprise,0.8030083617508291,0.8030083617508291,0.0
forecast-transition,forecast_change_subset,text_plus_vadbert_global,73,sadness,0.6217280518878852,0.6184978123480798,0.0032302395398053
forecast-transition,forecast_change_subset,text_plus_vadbert_global,73,disgust,0.5432533568126788,0.5469004893964111,-0.0036471325837322
forecast-transition,forecast_change_subset,text_plus_vadbert_global,73,anger,0.5484939980852788,0.5478910369068541,0.0006029611784246
forecast-transition,forecast_change_subset,text_plus_vadbert_global,73,anticipation,0.8478789516346933,0.8494454671994971,-0.0015665155648038
forecast-transition,forecast_change_subset,text_plus_vadbert_global,105,joy,0.7179191961482102,0.7157803904648905,0.0021388056833197
forecast-transition,forecast_change_subset,text_plus_vadbert_global,105,trust,0.6732738323386082,0.6797587753208597,-0.0064849429822515
forecast-transition,forecast_change_subset,text_plus_vadbert_global,105,fear,0.6139193227091634,0.6151437339512745,-0.0012244112421111
forecast-transition,forecast_change_subset,text_plus_vadbert_global,105,surprise,0.8002831524303917,0.8030083617508291,-0.0027252093204374
forecast-transition,forecast_change_subset,text_plus_vadbert_global,105,sadness,0.6144265697976129,0.6190889909395557,-0.0046624211419428
forecast-transition,forecast_change_subset,text_plus_vadbert_global,105,disgust,0.5404231357091143,0.5507689953324661,-0.0103458596233518
forecast-transition,forecast_change_subset,text_plus_vadbert_global,105,anger,0.5249801744647106,0.5487870619946091,-0.0238068875298985
forecast-transition,forecast_change_subset,text_plus_vadbert_global,105,anticipation,0.8494454671994971,0.8494454671994971,0.0
forecast-transition,forecast_change_subset,text_plus_vadbert_emoflow,12,joy,0.7179594396822078,0.7164384285940887,0.001521011088119
forecast-transition,forecast_change_subset,text_plus_vadbert_emoflow,12,trust,0.6767844693516384,0.67615241140421,0.0006320579474283
forecast-transition,forecast_change_subset,text_plus_vadbert_emoflow,12,fear,0.6171103103568523,0.617171596216022,-6.128585916975737e-05
forecast-transition,forecast_change_subset,text_plus_vadbert_emoflow,12,surprise,0.8030083617508291,0.8023027239539455,0.0007056377968835
forecast-transition,forecast_change_subset,text_plus_vadbert_emoflow,12,sadness,0.6077465726074803,0.6052399972919911,0.0025065753154892
forecast-transition,forecast_change_subset,text_plus_vadbert_emoflow,12,disgust,0.5421764327108821,0.5410220346929208,0.0011543980179613
forecast-transition,forecast_change_subset,text_plus_vadbert_emoflow,12,anger,0.5463491158014832,0.5433804128511563,0.0029687029503268
forecast-transition,forecast_change_subset,text_plus_vadbert_emoflow,12,anticipation,0.8494048955760162,0.8492338111715274,0.0001710844044887
forecast-transition,forecast_change_subset,text_plus_vadbert_emoflow,24,joy,0.717501290655653,0.7153797733948805,0.0021215172607725
forecast-transition,forecast_change_subset,text_plus_vadbert_emoflow,24,trust,0.6794392523364486,0.6796516720770855,-0.0002124197406369
forecast-transition,forecast_change_subset,text_plus_vadbert_emoflow,24,fear,0.615451604876835,0.6124246079613993,0.0030269969154357
forecast-transition,forecast_change_subset,text_plus_vadbert_emoflow,24,surprise,0.8030083617508291,0.8030083617508291,0.0
forecast-transition,forecast_change_subset,text_plus_vadbert_emoflow,24,sadness,0.620845921450151,0.6180267819612082,0.0028191394889428
forecast-transition,forecast_change_subset,text_plus_vadbert_emoflow,24,disgust,0.5435926610723937,0.5341414761393279,0.0094511849330657
forecast-transition,forecast_change_subset,text_plus_vadbert_emoflow,24,anger,0.5472882968601332,0.5351329892814609,0.0121553075786723
forecast-transition,forecast_change_subset,text_plus_vadbert_emoflow,24,anticipation,0.8494454671994971,0.8494454671994971,0.0
forecast-transition,forecast_change_subset,text_plus_vadbert_emoflow,42,joy,0.7165050568241059,0.7176531671858775,-0.0011481103617715
forecast-transition,forecast_change_subset,text_plus_vadbert_emoflow,42,trust,0.6796226609619053,0.6775130737943056,0.0021095871675996
forecast-transition,forecast_change_subset,text_plus_vadbert_emoflow,42,fear,0.6168145331643431,0.6124484393277104,0.0043660938366326
forecast-transition,forecast_change_subset,text_plus_vadbert_emoflow,42,surprise,0.8030083617508291,0.8026733968966162,0.0003349648542129
forecast-transition,forecast_change_subset,text_plus_vadbert_emoflow,42,sadness,0.619492025989368,0.6191430719118015,0.0003489540775665
forecast-transition,forecast_change_subset,text_plus_vadbert_emoflow,42,disgust,0.5456835035679306,0.5470864795554923,-0.0014029759875616
forecast-transition,forecast_change_subset,text_plus_vadbert_emoflow,42,anger,0.5499316005471956,0.5548248749106505,-0.0048932743634548
forecast-transition,forecast_change_subset,text_plus_vadbert_emoflow,42,anticipation,0.8492633848365073,0.8494454671994971,-0.0001820823629897
forecast-transition,forecast_change_subset,text_plus_vadbert_emoflow,73,joy,0.7079252003561888,0.7099071035211659,-0.0019819031649771
forecast-transition,forecast_change_subset,text_plus_vadbert_emoflow,73,trust,0.6791261130668875,0.6787354198553861,0.0003906932115014
forecast-transition,forecast_change_subset,text_plus_vadbert_emoflow,73,fear,0.6143311323061873,0.6161902414982751,-0.0018591091920877
forecast-transition,forecast_change_subset,text_plus_vadbert_emoflow,73,surprise,0.8030083617508291,0.8030083617508291,0.0
forecast-transition,forecast_change_subset,text_plus_vadbert_emoflow,73,sadness,0.6176897051715805,0.6184978123480798,-0.0008081071764992
forecast-transition,forecast_change_subset,text_plus_vadbert_emoflow,73,disgust,0.5462502781692753,0.5469004893964111,-0.0006502112271358
forecast-transition,forecast_change_subset,text_plus_vadbert_emoflow,73,anger,0.5393240556660039,0.5478910369068541,-0.0085669812408502
forecast-transition,forecast_change_subset,text_plus_vadbert_emoflow,73,anticipation,0.8494454671994971,0.8494454671994971,0.0
forecast-transition,forecast_change_subset,text_plus_vadbert_emoflow,105,joy,0.7168630722703098,0.7157803904648905,0.0010826818054192
forecast-transition,forecast_change_subset,text_plus_vadbert_emoflow,105,trust,0.6783150337837838,0.6797587753208597,-0.0014437415370759
forecast-transition,forecast_change_subset,text_plus_vadbert_emoflow,105,fear,0.6185904940295013,0.6151437339512745,0.0034467600782267
forecast-transition,forecast_change_subset,text_plus_vadbert_emoflow,105,surprise,0.8030083617508291,0.8030083617508291,0.0
forecast-transition,forecast_change_subset,text_plus_vadbert_emoflow,105,sadness,0.6170226250079219,0.6190889909395557,-0.0020663659316337
forecast-transition,forecast_change_subset,text_plus_vadbert_emoflow,105,disgust,0.5471198243887669,0.5507689953324661,-0.0036491709436992
forecast-transition,forecast_change_subset,text_plus_vadbert_emoflow,105,anger,0.5522220664517034,0.5487870619946091,0.0034350044570942
forecast-transition,forecast_change_subset,text_plus_vadbert_emoflow,105,anticipation,0.8494454671994971,0.8494454671994971,0.0
forecast-transition,forecast_change_subset,text_plus_all_affective,12,joy,0.7034788037001305,0.7164384285940887,-0.0129596248939581
forecast-transition,forecast_change_subset,text_plus_all_affective,12,trust,0.6763593125067561,0.67615241140421,0.000206901102546
forecast-transition,forecast_change_subset,text_plus_all_affective,12,fear,0.6135857461024499,0.617171596216022,-0.0035858501135721
forecast-transition,forecast_change_subset,text_plus_all_affective,12,surprise,0.8028971962616822,0.8023027239539455,0.0005944723077366
forecast-transition,forecast_change_subset,text_plus_all_affective,12,sadness,0.620497240994482,0.6052399972919911,0.0152572437024909
forecast-transition,forecast_change_subset,text_plus_all_affective,12,disgust,0.5472500759647524,0.5410220346929208,0.0062280412718316
forecast-transition,forecast_change_subset,text_plus_all_affective,12,anger,0.5461425592709862,0.5433804128511563,0.0027621464198298
forecast-transition,forecast_change_subset,text_plus_all_affective,12,anticipation,0.8491439356491259,0.8492338111715274,-8.987552240147245e-05
forecast-transition,forecast_change_subset,text_plus_all_affective,24,joy,0.7164873810508895,0.7153797733948805,0.001107607656009
forecast-transition,forecast_change_subset,text_plus_all_affective,24,trust,0.6796458344120541,0.6796516720770855,-5.837665031482864e-06
forecast-transition,forecast_change_subset,text_plus_all_affective,24,fear,0.6148507150122658,0.6124246079613993,0.0024261070508665
forecast-transition,forecast_change_subset,text_plus_all_affective,24,surprise,0.8029715460449469,0.8030083617508291,-3.681570588220939e-05
forecast-transition,forecast_change_subset,text_plus_all_affective,24,sadness,0.6150186055023485,0.6180267819612082,-0.0030081764588596
forecast-transition,forecast_change_subset,text_plus_all_affective,24,disgust,0.5451898901680561,0.5341414761393279,0.0110484140287281
forecast-transition,forecast_change_subset,text_plus_all_affective,24,anger,0.5438115695133694,0.5351329892814609,0.0086785802319084
forecast-transition,forecast_change_subset,text_plus_all_affective,24,anticipation,0.8494454671994971,0.8494454671994971,0.0
forecast-transition,forecast_change_subset,text_plus_all_affective,42,joy,0.7143551785617808,0.7176531671858775,-0.0032979886240966
forecast-transition,forecast_change_subset,text_plus_all_affective,42,trust,0.6789292340312748,0.6775130737943056,0.0014161602369692
forecast-transition,forecast_change_subset,text_plus_all_affective,42,fear,0.6171603053435114,0.6124484393277104,0.0047118660158009
forecast-transition,forecast_change_subset,text_plus_all_affective,42,surprise,0.8030083617508291,0.8026733968966162,0.0003349648542129
forecast-transition,forecast_change_subset,text_plus_all_affective,42,sadness,0.6216108225355329,0.6191430719118015,0.0024677506237313
forecast-transition,forecast_change_subset,text_plus_all_affective,42,disgust,0.5416800256492466,0.5470864795554923,-0.0054064539062457
forecast-transition,forecast_change_subset,text_plus_all_affective,42,anger,0.549281161997925,0.5548248749106505,-0.0055437129127254
forecast-transition,forecast_change_subset,text_plus_all_affective,42,anticipation,0.8494454671994971,0.8494454671994971,0.0
forecast-transition,forecast_change_subset,text_plus_all_affective,73,joy,0.7171764218806603,0.7099071035211659,0.0072693183594944
forecast-transition,forecast_change_subset,text_plus_all_affective,73,trust,0.6790302527973477,0.6787354198553861,0.0002948329419616
forecast-transition,forecast_change_subset,text_plus_all_affective,73,fear,0.6157355952032758,0.6161902414982751,-0.0004546462949992
forecast-transition,forecast_change_subset,text_plus_all_affective,73,surprise,0.8030083617508291,0.8030083617508291,0.0
forecast-transition,forecast_change_subset,text_plus_all_affective,73,sadness,0.6188670301019199,0.6184978123480798,0.0003692177538401
forecast-transition,forecast_change_subset,text_plus_all_affective,73,disgust,0.5386620330147698,0.5469004893964111,-0.0082384563816413
forecast-transition,forecast_change_subset,text_plus_all_affective,73,anger,0.545429012779104,0.5478910369068541,-0.00246202412775
forecast-transition,forecast_change_subset,text_plus_all_affective,73,anticipation,0.8494454671994971,0.8494454671994971,0.0
forecast-transition,forecast_change_subset,text_plus_all_affective,105,joy,0.7163179053705804,0.7157803904648905,0.0005375149056898
forecast-transition,forecast_change_subset,text_plus_all_affective,105,trust,0.6753633991800224,0.6797587753208597,-0.0043953761408372
forecast-transition,forecast_change_subset,text_plus_all_affective,105,fear,0.6149465291400367,0.6151437339512745,-0.0001972048112378
forecast-transition,forecast_change_subset,text_plus_all_affective,105,surprise,0.8030083617508291,0.8030083617508291,0.0
forecast-transition,forecast_change_subset,text_plus_all_affective,105,sadness,0.6204201270151442,0.6190889909395557,0.0013311360755884
forecast-transition,forecast_change_subset,text_plus_all_affective,105,disgust,0.5420748168145005,0.5507689953324661,-0.0086941785179656
forecast-transition,forecast_change_subset,text_plus_all_affective,105,anger,0.5463103552991193,0.5487870619946091,-0.0024767066954898
forecast-transition,forecast_change_subset,text_plus_all_affective,105,anticipation,0.8494454671994971,0.8494454671994971,0.0
