task_display,task,strategy,seed,emotion,f1
current,state_current,text_only,12,joy,0.6534896516697
current,state_current,text_only,12,trust,0.6093406356462115
current,state_current,text_only,12,fear,0.5541886350322203
current,state_current,text_only,12,surprise,0.6744755617080184
current,state_current,text_only,12,sadness,0.5767677932864229
current,state_current,text_only,12,disgust,0.5246661215590079
current,state_current,text_only,12,anger,0.5270576699148127
current,state_current,text_only,12,anticipation,0.7279575724703188
current,state_current,text_only,24,joy,0.6534212626538413
current,state_current,text_only,24,trust,0.6074307895747131
current,state_current,text_only,24,fear,0.5506179066834804
current,state_current,text_only,24,surprise,0.6767367346220203
current,state_current,text_only,24,sadness,0.574085684430512
current,state_current,text_only,24,disgust,0.5203557037654578
current,state_current,text_only,24,anger,0.5238530176350734
current,state_current,text_only,24,anticipation,0.732987106017192
current,state_current,text_only,42,joy,0.6563774759241348
current,state_current,text_only,42,trust,0.6043636699109738
current,state_current,text_only,42,fear,0.5498395409899834
current,state_current,text_only,42,surprise,0.6781097838652047
current,state_current,text_only,42,sadness,0.5802800466744458
current,state_current,text_only,42,disgust,0.5286508860432027
current,state_current,text_only,42,anger,0.5255413075467732
current,state_current,text_only,42,anticipation,0.7308743588956114
current,state_current,text_only,73,joy,0.6532924439901184
current,state_current,text_only,73,trust,0.6052926471855874
current,state_current,text_only,73,fear,0.556292785676672
current,state_current,text_only,73,surprise,0.6722772983382069
current,state_current,text_only,73,sadness,0.5782601322706461
current,state_current,text_only,73,disgust,0.5250194296646141
current,state_current,text_only,73,anger,0.5276488529372763
current,state_current,text_only,73,anticipation,0.726186422313717
current,state_current,text_only,105,joy,0.6528261037655609
current,state_current,text_only,105,trust,0.608815542093169
current,state_current,text_only,105,fear,0.5554271937314782
current,state_current,text_only,105,surprise,0.675226421270869
current,state_current,text_only,105,sadness,0.5749274521183981
current,state_current,text_only,105,disgust,0.5248763056624519
current,state_current,text_only,105,anger,0.5240893066980024
current,state_current,text_only,105,anticipation,0.7290955760229503
current,state_current,text_plus_vadlex_emoflow,12,joy,0.656844429347826
current,state_current,text_plus_vadlex_emoflow,12,trust,0.6111426698710946
current,state_current,text_plus_vadlex_emoflow,12,fear,0.5522645353392885
current,state_current,text_plus_vadlex_emoflow,12,surprise,0.6747393913867538
current,state_current,text_plus_vadlex_emoflow,12,sadness,0.5782928208027134
current,state_current,text_plus_vadlex_emoflow,12,disgust,0.5223443223443224
current,state_current,text_plus_vadlex_emoflow,12,anger,0.5284267386900743
current,state_current,text_plus_vadlex_emoflow,12,anticipation,0.7288950309439404
current,state_current,text_plus_vadlex_emoflow,24,joy,0.6547336472236274
current,state_current,text_plus_vadlex_emoflow,24,trust,0.6076144665789355
current,state_current,text_plus_vadlex_emoflow,24,fear,0.5517428897710588
current,state_current,text_plus_vadlex_emoflow,24,surprise,0.6775484414490311
current,state_current,text_plus_vadlex_emoflow,24,sadness,0.5772245826102567
current,state_current,text_plus_vadlex_emoflow,24,disgust,0.5216242525378946
current,state_current,text_plus_vadlex_emoflow,24,anger,0.5228519195612431
current,state_current,text_plus_vadlex_emoflow,24,anticipation,0.7312595614482407
current,state_current,text_plus_vadlex_emoflow,42,joy,0.6557208011104502
current,state_current,text_plus_vadlex_emoflow,42,trust,0.6032008070802953
current,state_current,text_plus_vadlex_emoflow,42,fear,0.5577121731093351
current,state_current,text_plus_vadlex_emoflow,42,surprise,0.6739915935402994
current,state_current,text_plus_vadlex_emoflow,42,sadness,0.5808534366379058
current,state_current,text_plus_vadlex_emoflow,42,disgust,0.5248756218905473
current,state_current,text_plus_vadlex_emoflow,42,anger,0.5260347129506008
current,state_current,text_plus_vadlex_emoflow,42,anticipation,0.7316806748187031
current,state_current,text_plus_vadlex_emoflow,73,joy,0.6559050445103858
current,state_current,text_plus_vadlex_emoflow,73,trust,0.6103467979429475
current,state_current,text_plus_vadlex_emoflow,73,fear,0.5546515362380902
current,state_current,text_plus_vadlex_emoflow,73,surprise,0.6735632183908046
current,state_current,text_plus_vadlex_emoflow,73,sadness,0.5791249642550758
current,state_current,text_plus_vadlex_emoflow,73,disgust,0.5318545266958989
current,state_current,text_plus_vadlex_emoflow,73,anger,0.5203835175290932
current,state_current,text_plus_vadlex_emoflow,73,anticipation,0.7264056850766737
current,state_current,text_plus_vadlex_emoflow,105,joy,0.6543003000662484
current,state_current,text_plus_vadlex_emoflow,105,trust,0.6113989637305699
current,state_current,text_plus_vadlex_emoflow,105,fear,0.5522880956125177
current,state_current,text_plus_vadlex_emoflow,105,surprise,0.674323042882731
current,state_current,text_plus_vadlex_emoflow,105,sadness,0.5769496204278813
current,state_current,text_plus_vadlex_emoflow,105,disgust,0.5249502368041733
current,state_current,text_plus_vadlex_emoflow,105,anger,0.5242636746143058
current,state_current,text_plus_vadlex_emoflow,105,anticipation,0.7275418632620964
current,state_current,text_plus_vadbert_global,12,joy,0.6501751687601469
current,state_current,text_plus_vadbert_global,12,trust,0.6073818260306497
current,state_current,text_plus_vadbert_global,12,fear,0.5546049320583795
current,state_current,text_plus_vadbert_global,12,surprise,0.6698471913336681
current,state_current,text_plus_vadbert_global,12,sadness,0.5785660464846694
current,state_current,text_plus_vadbert_global,12,disgust,0.526742190181943
current,state_current,text_plus_vadbert_global,12,anger,0.5322276159654801
current,state_current,text_plus_vadbert_global,12,anticipation,0.7258959177313805
current,state_current,text_plus_vadbert_global,24,joy,0.6518242614069246
current,state_current,text_plus_vadbert_global,24,trust,0.6072737999915715
current,state_current,text_plus_vadbert_global,24,fear,0.5537117903930131
current,state_current,text_plus_vadbert_global,24,surprise,0.6753787606806921
current,state_current,text_plus_vadbert_global,24,sadness,0.5737265415549598
current,state_current,text_plus_vadbert_global,24,disgust,0.5172659817351598
current,state_current,text_plus_vadbert_global,24,anger,0.5217578321026597
current,state_current,text_plus_vadbert_global,24,anticipation,0.7282712072403743
current,state_current,text_plus_vadbert_global,42,joy,0.6541457435451347
current,state_current,text_plus_vadbert_global,42,trust,0.6047424087342204
current,state_current,text_plus_vadbert_global,42,fear,0.5510214275011238
current,state_current,text_plus_vadbert_global,42,surprise,0.6737446197991391
current,state_current,text_plus_vadbert_global,42,sadness,0.5744643790280439
current,state_current,text_plus_vadbert_global,42,disgust,0.5225511898173769
current,state_current,text_plus_vadbert_global,42,anger,0.527997904250442
current,state_current,text_plus_vadbert_global,42,anticipation,0.7279245866172153
current,state_current,text_plus_vadbert_global,73,joy,0.6541262640975488
current,state_current,text_plus_vadbert_global,73,trust,0.6099532113994045
current,state_current,text_plus_vadbert_global,73,fear,0.5534073614790598
current,state_current,text_plus_vadbert_global,73,surprise,0.675530573271358
current,state_current,text_plus_vadbert_global,73,sadness,0.5795528287416671
current,state_current,text_plus_vadbert_global,73,disgust,0.5280509765895554
current,state_current,text_plus_vadbert_global,73,anger,0.5320378151260504
current,state_current,text_plus_vadbert_global,73,anticipation,0.7293519695044473
current,state_current,text_plus_vadbert_global,105,joy,0.6544796798029556
current,state_current,text_plus_vadbert_global,105,trust,0.6098245899637784
current,state_current,text_plus_vadbert_global,105,fear,0.5535359555025824
current,state_current,text_plus_vadbert_global,105,surprise,0.6754357357683807
current,state_current,text_plus_vadbert_global,105,sadness,0.577056225379014
current,state_current,text_plus_vadbert_global,105,disgust,0.524546777821887
current,state_current,text_plus_vadbert_global,105,anger,0.5265133740028156
current,state_current,text_plus_vadbert_global,105,anticipation,0.7314086256877478
current,state_current,text_plus_vadbert_emoflow,12,joy,0.6536201831691723
current,state_current,text_plus_vadbert_emoflow,12,trust,0.6101603798942747
current,state_current,text_plus_vadbert_emoflow,12,fear,0.5513535854515396
current,state_current,text_plus_vadbert_emoflow,12,surprise,0.6762974490831586
current,state_current,text_plus_vadbert_emoflow,12,sadness,0.5781181619256017
current,state_current,text_plus_vadbert_emoflow,12,disgust,0.5224126801979488
current,state_current,text_plus_vadbert_emoflow,12,anger,0.5250414354687613
current,state_current,text_plus_vadbert_emoflow,12,anticipation,0.7300996518189459
current,state_current,text_plus_vadbert_emoflow,24,joy,0.6576746922139586
current,state_current,text_plus_vadbert_emoflow,24,trust,0.6115256523755322
current,state_current,text_plus_vadbert_emoflow,24,fear,0.5549839555849845
current,state_current,text_plus_vadbert_emoflow,24,surprise,0.6765816808309726
current,state_current,text_plus_vadbert_emoflow,24,sadness,0.5779356220756525
current,state_current,text_plus_vadbert_emoflow,24,disgust,0.5203364125189577
current,state_current,text_plus_vadbert_emoflow,24,anger,0.5237760270118177
current,state_current,text_plus_vadbert_emoflow,24,anticipation,0.7296465081906639
current,state_current,text_plus_vadbert_emoflow,42,joy,0.6571315996847912
current,state_current,text_plus_vadbert_emoflow,42,trust,0.6072069261368068
current,state_current,text_plus_vadbert_emoflow,42,fear,0.557289800931375
current,state_current,text_plus_vadbert_emoflow,42,surprise,0.672418242819747
current,state_current,text_plus_vadbert_emoflow,42,sadness,0.582861809484921
current,state_current,text_plus_vadbert_emoflow,42,disgust,0.5235929505400796
current,state_current,text_plus_vadbert_emoflow,42,anger,0.5277398196228478
current,state_current,text_plus_vadbert_emoflow,42,anticipation,0.7319744447824764
current,state_current,text_plus_vadbert_emoflow,73,joy,0.6532948746394498
current,state_current,text_plus_vadbert_emoflow,73,trust,0.6122879493715391
current,state_current,text_plus_vadbert_emoflow,73,fear,0.558097497599277
current,state_current,text_plus_vadbert_emoflow,73,surprise,0.6750898672456134
current,state_current,text_plus_vadbert_emoflow,73,sadness,0.578865299268322
current,state_current,text_plus_vadbert_emoflow,73,disgust,0.5328930328930329
current,state_current,text_plus_vadbert_emoflow,73,anger,0.5243972445464983
current,state_current,text_plus_vadbert_emoflow,73,anticipation,0.7281435635866016
current,state_current,text_plus_vadbert_emoflow,105,joy,0.6536447052337259
current,state_current,text_plus_vadbert_emoflow,105,trust,0.6073174578142249
current,state_current,text_plus_vadbert_emoflow,105,fear,0.5530514887316993
current,state_current,text_plus_vadbert_emoflow,105,surprise,0.673616680032077
current,state_current,text_plus_vadbert_emoflow,105,sadness,0.57148056044156
current,state_current,text_plus_vadbert_emoflow,105,disgust,0.5258009906577215
current,state_current,text_plus_vadbert_emoflow,105,anger,0.5197454072038189
current,state_current,text_plus_vadbert_emoflow,105,anticipation,0.7277307899946014
current,state_current,text_plus_all_affective,12,joy,0.6532654863535052
current,state_current,text_plus_all_affective,12,trust,0.6089968357136748
current,state_current,text_plus_all_affective,12,fear,0.5549396804695141
current,state_current,text_plus_all_affective,12,surprise,0.6764047339801684
current,state_current,text_plus_all_affective,12,sadness,0.5757422686198574
current,state_current,text_plus_all_affective,12,disgust,0.5299834710743802
current,state_current,text_plus_all_affective,12,anger,0.5308144060001415
current,state_current,text_plus_all_affective,12,anticipation,0.7297468928603829
current,state_current,text_plus_all_affective,24,joy,0.6591633385775949
current,state_current,text_plus_all_affective,24,trust,0.6045319665497707
current,state_current,text_plus_all_affective,24,fear,0.5532844437509752
current,state_current,text_plus_all_affective,24,surprise,0.6769395781194136
current,state_current,text_plus_all_affective,24,sadness,0.5786099290780142
current,state_current,text_plus_all_affective,24,disgust,0.5266635205285513
current,state_current,text_plus_all_affective,24,anger,0.5301837270341208
current,state_current,text_plus_all_affective,24,anticipation,0.7317609315589354
current,state_current,text_plus_all_affective,42,joy,0.657614300446889
current,state_current,text_plus_all_affective,42,trust,0.6079889330797165
current,state_current,text_plus_all_affective,42,fear,0.5535363964894167
current,state_current,text_plus_all_affective,42,surprise,0.6664099799784383
current,state_current,text_plus_all_affective,42,sadness,0.5821744997946371
current,state_current,text_plus_all_affective,42,disgust,0.5234718479648277
current,state_current,text_plus_all_affective,42,anger,0.530114017437961
current,state_current,text_plus_all_affective,42,anticipation,0.7306805960977109
current,state_current,text_plus_all_affective,73,joy,0.6563352441193911
current,state_current,text_plus_all_affective,73,trust,0.6075252888644348
current,state_current,text_plus_all_affective,73,fear,0.551563951687829
current,state_current,text_plus_all_affective,73,surprise,0.6757718434388815
current,state_current,text_plus_all_affective,73,sadness,0.5788691295490833
current,state_current,text_plus_all_affective,73,disgust,0.5259801926468594
current,state_current,text_plus_all_affective,73,anger,0.528065714844514
current,state_current,text_plus_all_affective,73,anticipation,0.727346253149594
current,state_current,text_plus_all_affective,105,joy,0.6510743487355011
current,state_current,text_plus_all_affective,105,trust,0.6058821054403164
current,state_current,text_plus_all_affective,105,fear,0.5538917565288496
current,state_current,text_plus_all_affective,105,surprise,0.6748147367681663
current,state_current,text_plus_all_affective,105,sadness,0.5792771623587334
current,state_current,text_plus_all_affective,105,disgust,0.5169675090252708
current,state_current,text_plus_all_affective,105,anger,0.5218581104193747
current,state_current,text_plus_all_affective,105,anticipation,0.7244312205091216
forecast,forecast_next,text_only,12,joy,0.6204839563188531
forecast,forecast_next,text_only,12,trust,0.5849166910260157
forecast,forecast_next,text_only,12,fear,0.5260907695680772
forecast,forecast_next,text_only,12,surprise,0.6954029850746268
forecast,forecast_next,text_only,12,sadness,0.5241635687732342
forecast,forecast_next,text_only,12,disgust,0.4744165821133497
forecast,forecast_next,text_only,12,anger,0.4615003304692663
forecast,forecast_next,text_only,12,anticipation,0.7408970208431851
forecast,forecast_next,text_only,24,joy,0.6274907674201534
forecast,forecast_next,text_only,24,trust,0.592465016146394
forecast,forecast_next,text_only,24,fear,0.5243066216354518
forecast,forecast_next,text_only,24,surprise,0.6999925777480888
forecast,forecast_next,text_only,24,sadness,0.5241813449549059
forecast,forecast_next,text_only,24,disgust,0.467055264517081
forecast,forecast_next,text_only,24,anger,0.4661990747649605
forecast,forecast_next,text_only,24,anticipation,0.7452498745249875
forecast,forecast_next,text_only,42,joy,0.6047223213830384
forecast,forecast_next,text_only,42,trust,0.5889797947837092
forecast,forecast_next,text_only,42,fear,0.5222854433380749
forecast,forecast_next,text_only,42,surprise,0.6979955281842074
forecast,forecast_next,text_only,42,sadness,0.5288151771864933
forecast,forecast_next,text_only,42,disgust,0.4759331674369001
forecast,forecast_next,text_only,42,anger,0.4721105343957891
forecast,forecast_next,text_only,42,anticipation,0.7413329403529455
forecast,forecast_next,text_only,73,joy,0.6287100221984707
forecast,forecast_next,text_only,73,trust,0.5884339383706205
forecast,forecast_next,text_only,73,fear,0.5228357593258295
forecast,forecast_next,text_only,73,surprise,0.7023964474389404
forecast,forecast_next,text_only,73,sadness,0.5177807571984933
forecast,forecast_next,text_only,73,disgust,0.4727662616154396
forecast,forecast_next,text_only,73,anger,0.4734408033826638
forecast,forecast_next,text_only,73,anticipation,0.742306428649655
forecast,forecast_next,text_only,105,joy,0.6148141104877817
forecast,forecast_next,text_only,105,trust,0.5852684376741594
forecast,forecast_next,text_only,105,fear,0.5279835860025077
forecast,forecast_next,text_only,105,surprise,0.6987013987900274
forecast,forecast_next,text_only,105,sadness,0.5253802340864994
forecast,forecast_next,text_only,105,disgust,0.4817686638897789
forecast,forecast_next,text_only,105,anger,0.4784278581487645
forecast,forecast_next,text_only,105,anticipation,0.7411628075778471
forecast,forecast_next,text_plus_vadlex_emoflow,12,joy,0.6185099401659911
forecast,forecast_next,text_plus_vadlex_emoflow,12,trust,0.5918439092986465
forecast,forecast_next,text_plus_vadlex_emoflow,12,fear,0.5246188316301438
forecast,forecast_next,text_plus_vadlex_emoflow,12,surprise,0.7004405286343612
forecast,forecast_next,text_plus_vadlex_emoflow,12,sadness,0.5245200023776972
forecast,forecast_next,text_plus_vadlex_emoflow,12,disgust,0.4714917047018764
forecast,forecast_next,text_plus_vadlex_emoflow,12,anger,0.4650721890039376
forecast,forecast_next,text_plus_vadlex_emoflow,12,anticipation,0.7412388373003167
forecast,forecast_next,text_plus_vadlex_emoflow,24,joy,0.6273399014778325
forecast,forecast_next,text_plus_vadlex_emoflow,24,trust,0.5921626810961773
forecast,forecast_next,text_plus_vadlex_emoflow,24,fear,0.5240872758695183
forecast,forecast_next,text_plus_vadlex_emoflow,24,surprise,0.7003410876480282
forecast,forecast_next,text_plus_vadlex_emoflow,24,sadness,0.5216178521617852
forecast,forecast_next,text_plus_vadlex_emoflow,24,disgust,0.4694902071696245
forecast,forecast_next,text_plus_vadlex_emoflow,24,anger,0.4663420223431681
forecast,forecast_next,text_plus_vadlex_emoflow,24,anticipation,0.7432977293626654
forecast,forecast_next,text_plus_vadlex_emoflow,42,joy,0.6278729905672911
forecast,forecast_next,text_plus_vadlex_emoflow,42,trust,0.5922152560083594
forecast,forecast_next,text_plus_vadlex_emoflow,42,fear,0.5223526621605598
forecast,forecast_next,text_plus_vadlex_emoflow,42,surprise,0.6999613152804642
forecast,forecast_next,text_plus_vadlex_emoflow,42,sadness,0.5250647211108496
forecast,forecast_next,text_plus_vadlex_emoflow,42,disgust,0.4703795672224193
forecast,forecast_next,text_plus_vadlex_emoflow,42,anger,0.4731406300746996
forecast,forecast_next,text_plus_vadlex_emoflow,42,anticipation,0.7433455961913006
forecast,forecast_next,text_plus_vadlex_emoflow,73,joy,0.6285153986718367
forecast,forecast_next,text_plus_vadlex_emoflow,73,trust,0.5929474384564205
forecast,forecast_next,text_plus_vadlex_emoflow,73,fear,0.5272894521668029
forecast,forecast_next,text_plus_vadlex_emoflow,73,surprise,0.7023100280585771
forecast,forecast_next,text_plus_vadlex_emoflow,73,sadness,0.5302269751200349
forecast,forecast_next,text_plus_vadlex_emoflow,73,disgust,0.4775395107875926
forecast,forecast_next,text_plus_vadlex_emoflow,73,anger,0.4674560459275206
forecast,forecast_next,text_plus_vadlex_emoflow,73,anticipation,0.7412880458756065
forecast,forecast_next,text_plus_vadlex_emoflow,105,joy,0.6247104247104247
forecast,forecast_next,text_plus_vadlex_emoflow,105,trust,0.5842644962523567
forecast,forecast_next,text_plus_vadlex_emoflow,105,fear,0.5228944246737841
forecast,forecast_next,text_plus_vadlex_emoflow,105,surprise,0.7002411137901532
forecast,forecast_next,text_plus_vadlex_emoflow,105,sadness,0.523986546291379
forecast,forecast_next,text_plus_vadlex_emoflow,105,disgust,0.4779135028062066
forecast,forecast_next,text_plus_vadlex_emoflow,105,anger,0.4755462355408239
forecast,forecast_next,text_plus_vadlex_emoflow,105,anticipation,0.7430349518778493
forecast,forecast_next,text_plus_vadbert_global,12,joy,0.6118758163367829
forecast,forecast_next,text_plus_vadbert_global,12,trust,0.5891238670694864
forecast,forecast_next,text_plus_vadbert_global,12,fear,0.5223124926409984
forecast,forecast_next,text_plus_vadbert_global,12,surprise,0.6957989791912054
forecast,forecast_next,text_plus_vadbert_global,12,sadness,0.5186046511627908
forecast,forecast_next,text_plus_vadbert_global,12,disgust,0.4660350088325036
forecast,forecast_next,text_plus_vadbert_global,12,anger,0.4640831758034026
forecast,forecast_next,text_plus_vadbert_global,12,anticipation,0.7414648274863329
forecast,forecast_next,text_plus_vadbert_global,24,joy,0.624487817773274
forecast,forecast_next,text_plus_vadbert_global,24,trust,0.5891696120783698
forecast,forecast_next,text_plus_vadbert_global,24,fear,0.5233665559246955
forecast,forecast_next,text_plus_vadbert_global,24,surprise,0.7009846785537771
forecast,forecast_next,text_plus_vadbert_global,24,sadness,0.5091226187281996
forecast,forecast_next,text_plus_vadbert_global,24,disgust,0.4730284775465498
forecast,forecast_next,text_plus_vadbert_global,24,anger,0.4670622242507226
forecast,forecast_next,text_plus_vadbert_global,24,anticipation,0.7426650590083671
forecast,forecast_next,text_plus_vadbert_global,42,joy,0.623429662183158
forecast,forecast_next,text_plus_vadbert_global,42,trust,0.5903789445887064
forecast,forecast_next,text_plus_vadbert_global,42,fear,0.5253944020356234
forecast,forecast_next,text_plus_vadbert_global,42,surprise,0.7007034263671432
forecast,forecast_next,text_plus_vadbert_global,42,sadness,0.5254096660443891
forecast,forecast_next,text_plus_vadbert_global,42,disgust,0.4703065134099617
forecast,forecast_next,text_plus_vadbert_global,42,anger,0.4719366490691858
forecast,forecast_next,text_plus_vadbert_global,42,anticipation,0.7421205467809335
forecast,forecast_next,text_plus_vadbert_global,73,joy,0.6278065261087115
forecast,forecast_next,text_plus_vadbert_global,73,trust,0.5891330330054243
forecast,forecast_next,text_plus_vadbert_global,73,fear,0.5249529458734957
forecast,forecast_next,text_plus_vadbert_global,73,surprise,0.6973490719764716
forecast,forecast_next,text_plus_vadbert_global,73,sadness,0.5249666531346053
forecast,forecast_next,text_plus_vadbert_global,73,disgust,0.4769023569023569
forecast,forecast_next,text_plus_vadbert_global,73,anger,0.4755370310997114
forecast,forecast_next,text_plus_vadbert_global,73,anticipation,0.743927927927928
forecast,forecast_next,text_plus_vadbert_global,105,joy,0.6186646717785674
forecast,forecast_next,text_plus_vadbert_global,105,trust,0.5887132779712474
forecast,forecast_next,text_plus_vadbert_global,105,fear,0.5220028544243578
forecast,forecast_next,text_plus_vadbert_global,105,surprise,0.7005701603336777
forecast,forecast_next,text_plus_vadbert_global,105,sadness,0.5228189611699445
forecast,forecast_next,text_plus_vadbert_global,105,disgust,0.4762474254202378
forecast,forecast_next,text_plus_vadbert_global,105,anger,0.4682255056663319
forecast,forecast_next,text_plus_vadbert_global,105,anticipation,0.7428448151876887
forecast,forecast_next,text_plus_vadbert_emoflow,12,joy,0.61945801015034
forecast,forecast_next,text_plus_vadbert_emoflow,12,trust,0.590652557319224
forecast,forecast_next,text_plus_vadbert_emoflow,12,fear,0.5253331950422652
forecast,forecast_next,text_plus_vadbert_emoflow,12,surprise,0.69869170880488
forecast,forecast_next,text_plus_vadbert_emoflow,12,sadness,0.5245882000598981
forecast,forecast_next,text_plus_vadbert_emoflow,12,disgust,0.4694184995480566
forecast,forecast_next,text_plus_vadbert_emoflow,12,anger,0.462390051562026
forecast,forecast_next,text_plus_vadbert_emoflow,12,anticipation,0.7417981467568244
forecast,forecast_next,text_plus_vadbert_emoflow,24,joy,0.6273626567744215
forecast,forecast_next,text_plus_vadbert_emoflow,24,trust,0.5897660562516429
forecast,forecast_next,text_plus_vadbert_emoflow,24,fear,0.5129107243827354
forecast,forecast_next,text_plus_vadbert_emoflow,24,surprise,0.699783859032128
forecast,forecast_next,text_plus_vadbert_emoflow,24,sadness,0.5238610409905037
forecast,forecast_next,text_plus_vadbert_emoflow,24,disgust,0.4647598816478264
forecast,forecast_next,text_plus_vadbert_emoflow,24,anger,0.4677750265298903
forecast,forecast_next,text_plus_vadbert_emoflow,24,anticipation,0.7431589394583865
forecast,forecast_next,text_plus_vadbert_emoflow,42,joy,0.6260539442899395
forecast,forecast_next,text_plus_vadbert_emoflow,42,trust,0.5842078261275128
forecast,forecast_next,text_plus_vadbert_emoflow,42,fear,0.5219277673545967
forecast,forecast_next,text_plus_vadbert_emoflow,42,surprise,0.6997496356638392
forecast,forecast_next,text_plus_vadbert_emoflow,42,sadness,0.5292494182585638
forecast,forecast_next,text_plus_vadbert_emoflow,42,disgust,0.4697677762599755
forecast,forecast_next,text_plus_vadbert_emoflow,42,anger,0.4725236745697104
forecast,forecast_next,text_plus_vadbert_emoflow,42,anticipation,0.7443116359447005
forecast,forecast_next,text_plus_vadbert_emoflow,73,joy,0.6281402574345317
forecast,forecast_next,text_plus_vadbert_emoflow,73,trust,0.5942370021755539
forecast,forecast_next,text_plus_vadbert_emoflow,73,fear,0.5246263883235448
forecast,forecast_next,text_plus_vadbert_emoflow,73,surprise,0.7037933817594835
forecast,forecast_next,text_plus_vadbert_emoflow,73,sadness,0.5212832355511172
forecast,forecast_next,text_plus_vadbert_emoflow,73,disgust,0.4807982669205015
forecast,forecast_next,text_plus_vadbert_emoflow,73,anger,0.4746348962336664
forecast,forecast_next,text_plus_vadbert_emoflow,73,anticipation,0.7441111190663707
forecast,forecast_next,text_plus_vadbert_emoflow,105,joy,0.6253020365895754
forecast,forecast_next,text_plus_vadbert_emoflow,105,trust,0.5861433572876359
forecast,forecast_next,text_plus_vadbert_emoflow,105,fear,0.5239041496201052
forecast,forecast_next,text_plus_vadbert_emoflow,105,surprise,0.701750414969066
forecast,forecast_next,text_plus_vadbert_emoflow,105,sadness,0.5237315875613748
forecast,forecast_next,text_plus_vadbert_emoflow,105,disgust,0.4767657992565056
forecast,forecast_next,text_plus_vadbert_emoflow,105,anger,0.4743336287408821
forecast,forecast_next,text_plus_vadbert_emoflow,105,anticipation,0.7429378531073446
forecast,forecast_next,text_plus_all_affective,12,joy,0.6188949651140864
forecast,forecast_next,text_plus_all_affective,12,trust,0.5871792461697528
forecast,forecast_next,text_plus_all_affective,12,fear,0.5263619904537225
forecast,forecast_next,text_plus_all_affective,12,surprise,0.701601389156859
forecast,forecast_next,text_plus_all_affective,12,sadness,0.528629395852119
forecast,forecast_next,text_plus_all_affective,12,disgust,0.4736495870184928
forecast,forecast_next,text_plus_all_affective,12,anger,0.4704739123934818
forecast,forecast_next,text_plus_all_affective,12,anticipation,0.7424476295479603
forecast,forecast_next,text_plus_all_affective,24,joy,0.6241622894403188
forecast,forecast_next,text_plus_all_affective,24,trust,0.5879399365259818
forecast,forecast_next,text_plus_all_affective,24,fear,0.5265383572783953
forecast,forecast_next,text_plus_all_affective,24,surprise,0.7004117041611527
forecast,forecast_next,text_plus_all_affective,24,sadness,0.5290846401957513
forecast,forecast_next,text_plus_all_affective,24,disgust,0.4769874476987448
forecast,forecast_next,text_plus_all_affective,24,anger,0.4680983504512916
forecast,forecast_next,text_plus_all_affective,24,anticipation,0.7408113159148375
forecast,forecast_next,text_plus_all_affective,42,joy,0.6248595189930322
forecast,forecast_next,text_plus_all_affective,42,trust,0.5873145436212609
forecast,forecast_next,text_plus_all_affective,42,fear,0.5255335174491589
forecast,forecast_next,text_plus_all_affective,42,surprise,0.7021057056598005
forecast,forecast_next,text_plus_all_affective,42,sadness,0.5297674418604651
forecast,forecast_next,text_plus_all_affective,42,disgust,0.4771537192453913
forecast,forecast_next,text_plus_all_affective,42,anger,0.4756978980173728
forecast,forecast_next,text_plus_all_affective,42,anticipation,0.7440453423276192
forecast,forecast_next,text_plus_all_affective,73,joy,0.6270907357656643
forecast,forecast_next,text_plus_all_affective,73,trust,0.5846930665295246
forecast,forecast_next,text_plus_all_affective,73,fear,0.5239563828615487
forecast,forecast_next,text_plus_all_affective,73,surprise,0.6983192626442568
forecast,forecast_next,text_plus_all_affective,73,sadness,0.5278081891832713
forecast,forecast_next,text_plus_all_affective,73,disgust,0.4757793155990096
forecast,forecast_next,text_plus_all_affective,73,anger,0.4694383454918903
forecast,forecast_next,text_plus_all_affective,73,anticipation,0.7433486405714702
forecast,forecast_next,text_plus_all_affective,105,joy,0.6240973346754781
forecast,forecast_next,text_plus_all_affective,105,trust,0.5878136200716846
forecast,forecast_next,text_plus_all_affective,105,fear,0.5284947077532718
forecast,forecast_next,text_plus_all_affective,105,surprise,0.6988670244484197
forecast,forecast_next,text_plus_all_affective,105,sadness,0.5265561163181928
forecast,forecast_next,text_plus_all_affective,105,disgust,0.4762761101120487
forecast,forecast_next,text_plus_all_affective,105,anger,0.4767742814330473
forecast,forecast_next,text_plus_all_affective,105,anticipation,0.7402691361597453
transition,change_subset,text_only,12,joy,0.7438275322172708
transition,change_subset,text_only,12,trust,0.6897305639508713
transition,change_subset,text_only,12,fear,0.6500248915439869
transition,change_subset,text_only,12,surprise,0.8012666005009689
transition,change_subset,text_only,12,sadness,0.677755891150507
transition,change_subset,text_only,12,disgust,0.6082712561006935
transition,change_subset,text_only,12,anger,0.6107949646490775
transition,change_subset,text_only,12,anticipation,0.8494454671994971
transition,change_subset,text_only,24,joy,0.7414251068252685
transition,change_subset,text_only,24,trust,0.6918307145867196
transition,change_subset,text_only,24,fear,0.6431353155714904
transition,change_subset,text_only,24,surprise,0.8027675190500678
transition,change_subset,text_only,24,sadness,0.6734408364627053
transition,change_subset,text_only,24,disgust,0.6099176223550316
transition,change_subset,text_only,24,anger,0.6056019485038274
transition,change_subset,text_only,24,anticipation,0.8494454671994971
transition,change_subset,text_only,42,joy,0.7420819817163079
transition,change_subset,text_only,42,trust,0.6914317033067414
transition,change_subset,text_only,42,fear,0.6527690040008423
transition,change_subset,text_only,42,surprise,0.8030083617508291
transition,change_subset,text_only,42,sadness,0.675617089714006
transition,change_subset,text_only,42,disgust,0.6100032690421706
transition,change_subset,text_only,42,anger,0.6112618166872175
transition,change_subset,text_only,42,anticipation,0.8494454671994971
transition,change_subset,text_only,73,joy,0.7457690861226025
transition,change_subset,text_only,73,trust,0.6924650727772257
transition,change_subset,text_only,73,fear,0.6565567666373299
transition,change_subset,text_only,73,surprise,0.8030083617508291
transition,change_subset,text_only,73,sadness,0.6771500139159476
transition,change_subset,text_only,73,disgust,0.6028831144982095
transition,change_subset,text_only,73,anger,0.6138917262512769
transition,change_subset,text_only,73,anticipation,0.8485257708755346
transition,change_subset,text_only,105,joy,0.7449840069787729
transition,change_subset,text_only,105,trust,0.6920878185246001
transition,change_subset,text_only,105,fear,0.6569410522146676
transition,change_subset,text_only,105,surprise,0.802852585155297
transition,change_subset,text_only,105,sadness,0.6766014549050074
transition,change_subset,text_only,105,disgust,0.6112745098039216
transition,change_subset,text_only,105,anger,0.616904859126174
transition,change_subset,text_only,105,anticipation,0.8494454671994971
transition,change_subset,text_plus_vadlex_emoflow,12,joy,0.7444571291233552
transition,change_subset,text_plus_vadlex_emoflow,12,trust,0.6931620339797082
transition,change_subset,text_plus_vadlex_emoflow,12,fear,0.6577849549185844
transition,change_subset,text_plus_vadlex_emoflow,12,surprise,0.8028596794542311
transition,change_subset,text_plus_vadlex_emoflow,12,sadness,0.6713625357693155
transition,change_subset,text_plus_vadlex_emoflow,12,disgust,0.6038848421782865
transition,change_subset,text_plus_vadlex_emoflow,12,anger,0.6105136367547105
transition,change_subset,text_plus_vadlex_emoflow,12,anticipation,0.8494454671994971
transition,change_subset,text_plus_vadlex_emoflow,24,joy,0.744499274310595
transition,change_subset,text_plus_vadlex_emoflow,24,trust,0.6933157008896369
transition,change_subset,text_plus_vadlex_emoflow,24,fear,0.6563531353135313
transition,change_subset,text_plus_vadlex_emoflow,24,surprise,0.8030083617508291
transition,change_subset,text_plus_vadlex_emoflow,24,sadness,0.6746602717825739
transition,change_subset,text_plus_vadlex_emoflow,24,disgust,0.6083249749247743
transition,change_subset,text_plus_vadlex_emoflow,24,anger,0.6041629603273438
transition,change_subset,text_plus_vadlex_emoflow,24,anticipation,0.8494454671994971
transition,change_subset,text_plus_vadlex_emoflow,42,joy,0.7439499907160982
transition,change_subset,text_plus_vadlex_emoflow,42,trust,0.6859135826390235
transition,change_subset,text_plus_vadlex_emoflow,42,fear,0.6547556489753021
transition,change_subset,text_plus_vadlex_emoflow,42,surprise,0.8030083617508291
transition,change_subset,text_plus_vadlex_emoflow,42,sadness,0.6741976509313983
transition,change_subset,text_plus_vadlex_emoflow,42,disgust,0.5976969138645786
transition,change_subset,text_plus_vadlex_emoflow,42,anger,0.6150424252409589
transition,change_subset,text_plus_vadlex_emoflow,42,anticipation,0.8494454671994971
transition,change_subset,text_plus_vadlex_emoflow,73,joy,0.743210032138131
transition,change_subset,text_plus_vadlex_emoflow,73,trust,0.690146750524109
transition,change_subset,text_plus_vadlex_emoflow,73,fear,0.653775196446874
transition,change_subset,text_plus_vadlex_emoflow,73,surprise,0.8030083617508291
transition,change_subset,text_plus_vadlex_emoflow,73,sadness,0.673874367045299
transition,change_subset,text_plus_vadlex_emoflow,73,disgust,0.609914142232302
transition,change_subset,text_plus_vadlex_emoflow,73,anger,0.611644708882278
transition,change_subset,text_plus_vadlex_emoflow,73,anticipation,0.8489370308777923
transition,change_subset,text_plus_vadlex_emoflow,105,joy,0.7447874199184624
transition,change_subset,text_plus_vadlex_emoflow,105,trust,0.6950898203592815
transition,change_subset,text_plus_vadlex_emoflow,105,fear,0.652789342214821
transition,change_subset,text_plus_vadlex_emoflow,105,surprise,0.802880119693286
transition,change_subset,text_plus_vadlex_emoflow,105,sadness,0.6751054852320675
transition,change_subset,text_plus_vadlex_emoflow,105,disgust,0.6107600341588386
transition,change_subset,text_plus_vadlex_emoflow,105,anger,0.614986634474433
transition,change_subset,text_plus_vadlex_emoflow,105,anticipation,0.848635012163258
transition,change_subset,text_plus_vadbert_global,12,joy,0.7433874709976798
transition,change_subset,text_plus_vadbert_global,12,trust,0.6910058946567789
transition,change_subset,text_plus_vadbert_global,12,fear,0.6535175163771005
transition,change_subset,text_plus_vadbert_global,12,surprise,0.8029360886436954
transition,change_subset,text_plus_vadbert_global,12,sadness,0.6739381681594915
transition,change_subset,text_plus_vadbert_global,12,disgust,0.6050721390805628
transition,change_subset,text_plus_vadbert_global,12,anger,0.610755329414861
transition,change_subset,text_plus_vadbert_global,12,anticipation,0.8492633848365073
transition,change_subset,text_plus_vadbert_global,24,joy,0.7397599307016458
transition,change_subset,text_plus_vadbert_global,24,trust,0.6924609162793505
transition,change_subset,text_plus_vadbert_global,24,fear,0.6534614630319671
transition,change_subset,text_plus_vadbert_global,24,surprise,0.8028781012007663
transition,change_subset,text_plus_vadbert_global,24,sadness,0.6746145059965734
transition,change_subset,text_plus_vadbert_global,24,disgust,0.6002576212966939
transition,change_subset,text_plus_vadbert_global,24,anger,0.61
transition,change_subset,text_plus_vadbert_global,24,anticipation,0.8494454671994971
transition,change_subset,text_plus_vadbert_global,42,joy,0.7457044673539519
transition,change_subset,text_plus_vadbert_global,42,trust,0.6858710562414266
transition,change_subset,text_plus_vadbert_global,42,fear,0.6571770840673666
transition,change_subset,text_plus_vadbert_global,42,surprise,0.8030083617508291
transition,change_subset,text_plus_vadbert_global,42,sadness,0.6751981385879444
transition,change_subset,text_plus_vadbert_global,42,disgust,0.6091192814188932
transition,change_subset,text_plus_vadbert_global,42,anger,0.6121653676719756
transition,change_subset,text_plus_vadbert_global,42,anticipation,0.8494454671994971
transition,change_subset,text_plus_vadbert_global,73,joy,0.7480934511560344
transition,change_subset,text_plus_vadbert_global,73,trust,0.6949630785855796
transition,change_subset,text_plus_vadbert_global,73,fear,0.654501704431522
transition,change_subset,text_plus_vadbert_global,73,surprise,0.8030083617508291
transition,change_subset,text_plus_vadbert_global,73,sadness,0.6781537609853989
transition,change_subset,text_plus_vadbert_global,73,disgust,0.6119302949061662
transition,change_subset,text_plus_vadbert_global,73,anger,0.6180105944673338
transition,change_subset,text_plus_vadbert_global,73,anticipation,0.8494454671994971
transition,change_subset,text_plus_vadbert_global,105,joy,0.7461949814890991
transition,change_subset,text_plus_vadbert_global,105,trust,0.6948636878840303
transition,change_subset,text_plus_vadbert_global,105,fear,0.6447106990186043
transition,change_subset,text_plus_vadbert_global,105,surprise,0.8030083617508291
transition,change_subset,text_plus_vadbert_global,105,sadness,0.6783617556611686
transition,change_subset,text_plus_vadbert_global,105,disgust,0.6101059494702527
transition,change_subset,text_plus_vadbert_global,105,anger,0.6128759716120311
transition,change_subset,text_plus_vadbert_global,105,anticipation,0.8491328960373798
transition,change_subset,text_plus_vadbert_emoflow,12,joy,0.7424400417101147
transition,change_subset,text_plus_vadbert_emoflow,12,trust,0.6914356130622304
transition,change_subset,text_plus_vadbert_emoflow,12,fear,0.6464541891592103
transition,change_subset,text_plus_vadbert_emoflow,12,surprise,0.8021947101857062
transition,change_subset,text_plus_vadbert_emoflow,12,sadness,0.667601683029453
transition,change_subset,text_plus_vadbert_emoflow,12,disgust,0.5998384636094409
transition,change_subset,text_plus_vadbert_emoflow,12,anger,0.6117206770434634
transition,change_subset,text_plus_vadbert_emoflow,12,anticipation,0.8494454671994971
transition,change_subset,text_plus_vadbert_emoflow,24,joy,0.7456523003547956
transition,change_subset,text_plus_vadbert_emoflow,24,trust,0.6954583785086135
transition,change_subset,text_plus_vadbert_emoflow,24,fear,0.6571650686706401
transition,change_subset,text_plus_vadbert_emoflow,24,surprise,0.8025983736797832
transition,change_subset,text_plus_vadbert_emoflow,24,sadness,0.6759277900812026
transition,change_subset,text_plus_vadbert_emoflow,24,disgust,0.6061821219715957
transition,change_subset,text_plus_vadbert_emoflow,24,anger,0.6145479265805575
transition,change_subset,text_plus_vadbert_emoflow,24,anticipation,0.8494454671994971
transition,change_subset,text_plus_vadbert_emoflow,42,joy,0.7456322541233965
transition,change_subset,text_plus_vadbert_emoflow,42,trust,0.689650825664944
transition,change_subset,text_plus_vadbert_emoflow,42,fear,0.6538704914574984
transition,change_subset,text_plus_vadbert_emoflow,42,surprise,0.8029162966771043
transition,change_subset,text_plus_vadbert_emoflow,42,sadness,0.6764113655007831
transition,change_subset,text_plus_vadbert_emoflow,42,disgust,0.6045671992057045
transition,change_subset,text_plus_vadbert_emoflow,42,anger,0.6139292122002936
transition,change_subset,text_plus_vadbert_emoflow,42,anticipation,0.8494024620361218
transition,change_subset,text_plus_vadbert_emoflow,73,joy,0.7458848375675508
transition,change_subset,text_plus_vadbert_emoflow,73,trust,0.6921119592875318
transition,change_subset,text_plus_vadbert_emoflow,73,fear,0.6539727988546886
transition,change_subset,text_plus_vadbert_emoflow,73,surprise,0.8030083617508291
transition,change_subset,text_plus_vadbert_emoflow,73,sadness,0.6729112539313551
transition,change_subset,text_plus_vadbert_emoflow,73,disgust,0.6120682994668933
transition,change_subset,text_plus_vadbert_emoflow,73,anger,0.6082973663348895
transition,change_subset,text_plus_vadbert_emoflow,73,anticipation,0.8479545352036444
transition,change_subset,text_plus_vadbert_emoflow,105,joy,0.7448219688154526
transition,change_subset,text_plus_vadbert_emoflow,105,trust,0.6955896452540747
transition,change_subset,text_plus_vadbert_emoflow,105,fear,0.6521822236381013
transition,change_subset,text_plus_vadbert_emoflow,105,surprise,0.8027872609081981
transition,change_subset,text_plus_vadbert_emoflow,105,sadness,0.6769317700240147
transition,change_subset,text_plus_vadbert_emoflow,105,disgust,0.6097954333248451
transition,change_subset,text_plus_vadbert_emoflow,105,anger,0.6145213399081789
transition,change_subset,text_plus_vadbert_emoflow,105,anticipation,0.8476946675087973
transition,change_subset,text_plus_all_affective,12,joy,0.7424784470119055
transition,change_subset,text_plus_all_affective,12,trust,0.6909226375263877
transition,change_subset,text_plus_all_affective,12,fear,0.6506592030640053
transition,change_subset,text_plus_all_affective,12,surprise,0.8030083617508291
transition,change_subset,text_plus_all_affective,12,sadness,0.6718986248110015
transition,change_subset,text_plus_all_affective,12,disgust,0.6137190222447771
transition,change_subset,text_plus_all_affective,12,anger,0.6132946001367054
transition,change_subset,text_plus_all_affective,12,anticipation,0.8494454671994971
transition,change_subset,text_plus_all_affective,24,joy,0.7472291741151234
transition,change_subset,text_plus_all_affective,24,trust,0.6939386679444178
transition,change_subset,text_plus_all_affective,24,fear,0.6577633886415756
transition,change_subset,text_plus_all_affective,24,surprise,0.80239633061874
transition,change_subset,text_plus_all_affective,24,sadness,0.6734932709186658
transition,change_subset,text_plus_all_affective,24,disgust,0.610925492816572
transition,change_subset,text_plus_all_affective,24,anger,0.608953144051559
transition,change_subset,text_plus_all_affective,24,anticipation,0.849290461649003
transition,change_subset,text_plus_all_affective,42,joy,0.7453953212910868
transition,change_subset,text_plus_all_affective,42,trust,0.6919632050351004
transition,change_subset,text_plus_all_affective,42,fear,0.6500111865165188
transition,change_subset,text_plus_all_affective,42,surprise,0.8026930989339817
transition,change_subset,text_plus_all_affective,42,sadness,0.6801462359173319
transition,change_subset,text_plus_all_affective,42,disgust,0.6065631616090331
transition,change_subset,text_plus_all_affective,42,anger,0.6150077570017147
transition,change_subset,text_plus_all_affective,42,anticipation,0.8493913668418452
transition,change_subset,text_plus_all_affective,73,joy,0.7411801830230357
transition,change_subset,text_plus_all_affective,73,trust,0.6884483760573384
transition,change_subset,text_plus_all_affective,73,fear,0.6537166900420758
transition,change_subset,text_plus_all_affective,73,surprise,0.8027542273642794
transition,change_subset,text_plus_all_affective,73,sadness,0.6757532281205165
transition,change_subset,text_plus_all_affective,73,disgust,0.6082389627441326
transition,change_subset,text_plus_all_affective,73,anger,0.6133527791281802
transition,change_subset,text_plus_all_affective,73,anticipation,0.8484000541589566
transition,change_subset,text_plus_all_affective,105,joy,0.7465089334715531
transition,change_subset,text_plus_all_affective,105,trust,0.6922239690409965
transition,change_subset,text_plus_all_affective,105,fear,0.654449926315115
transition,change_subset,text_plus_all_affective,105,surprise,0.8028978733348914
transition,change_subset,text_plus_all_affective,105,sadness,0.6743662816859157
transition,change_subset,text_plus_all_affective,105,disgust,0.6098012020342117
transition,change_subset,text_plus_all_affective,105,anger,0.6159922618088022
transition,change_subset,text_plus_all_affective,105,anticipation,0.8494454671994971
forecast-transition,forecast_change_subset,text_only,12,joy,0.7164384285940887
forecast-transition,forecast_change_subset,text_only,12,trust,0.67615241140421
forecast-transition,forecast_change_subset,text_only,12,fear,0.617171596216022
forecast-transition,forecast_change_subset,text_only,12,surprise,0.8023027239539455
forecast-transition,forecast_change_subset,text_only,12,sadness,0.6052399972919911
forecast-transition,forecast_change_subset,text_only,12,disgust,0.5410220346929208
forecast-transition,forecast_change_subset,text_only,12,anger,0.5433804128511563
forecast-transition,forecast_change_subset,text_only,12,anticipation,0.8492338111715274
forecast-transition,forecast_change_subset,text_only,24,joy,0.7153797733948805
forecast-transition,forecast_change_subset,text_only,24,trust,0.6796516720770855
forecast-transition,forecast_change_subset,text_only,24,fear,0.6124246079613993
forecast-transition,forecast_change_subset,text_only,24,surprise,0.8030083617508291
forecast-transition,forecast_change_subset,text_only,24,sadness,0.6180267819612082
forecast-transition,forecast_change_subset,text_only,24,disgust,0.5341414761393279
forecast-transition,forecast_change_subset,text_only,24,anger,0.5351329892814609
forecast-transition,forecast_change_subset,text_only,24,anticipation,0.8494454671994971
forecast-transition,forecast_change_subset,text_only,42,joy,0.7176531671858775
forecast-transition,forecast_change_subset,text_only,42,trust,0.6775130737943056
forecast-transition,forecast_change_subset,text_only,42,fear,0.6124484393277104
forecast-transition,forecast_change_subset,text_only,42,surprise,0.8026733968966162
forecast-transition,forecast_change_subset,text_only,42,sadness,0.6191430719118015
forecast-transition,forecast_change_subset,text_only,42,disgust,0.5470864795554923
forecast-transition,forecast_change_subset,text_only,42,anger,0.5548248749106505
forecast-transition,forecast_change_subset,text_only,42,anticipation,0.8494454671994971
forecast-transition,forecast_change_subset,text_only,73,joy,0.7099071035211659
forecast-transition,forecast_change_subset,text_only,73,trust,0.6787354198553861
forecast-transition,forecast_change_subset,text_only,73,fear,0.6161902414982751
forecast-transition,forecast_change_subset,text_only,73,surprise,0.8030083617508291
forecast-transition,forecast_change_subset,text_only,73,sadness,0.6184978123480798
forecast-transition,forecast_change_subset,text_only,73,disgust,0.5469004893964111
forecast-transition,forecast_change_subset,text_only,73,anger,0.5478910369068541
forecast-transition,forecast_change_subset,text_only,73,anticipation,0.8494454671994971
forecast-transition,forecast_change_subset,text_only,105,joy,0.7157803904648905
forecast-transition,forecast_change_subset,text_only,105,trust,0.6797587753208597
forecast-transition,forecast_change_subset,text_only,105,fear,0.6151437339512745
forecast-transition,forecast_change_subset,text_only,105,surprise,0.8030083617508291
forecast-transition,forecast_change_subset,text_only,105,sadness,0.6190889909395557
forecast-transition,forecast_change_subset,text_only,105,disgust,0.5507689953324661
forecast-transition,forecast_change_subset,text_only,105,anger,0.5487870619946091
forecast-transition,forecast_change_subset,text_only,105,anticipation,0.8494454671994971
forecast-transition,forecast_change_subset,text_plus_vadlex_emoflow,12,joy,0.7164892235782914
forecast-transition,forecast_change_subset,text_plus_vadlex_emoflow,12,trust,0.6771737394174964
forecast-transition,forecast_change_subset,text_plus_vadlex_emoflow,12,fear,0.6154415848916868
forecast-transition,forecast_change_subset,text_plus_vadlex_emoflow,12,surprise,0.8030083617508291
forecast-transition,forecast_change_subset,text_plus_vadlex_emoflow,12,sadness,0.6194186046511628
forecast-transition,forecast_change_subset,text_plus_vadlex_emoflow,12,disgust,0.5417107397221634
forecast-transition,forecast_change_subset,text_plus_vadlex_emoflow,12,anger,0.5487022048562658
forecast-transition,forecast_change_subset,text_plus_vadlex_emoflow,12,anticipation,0.8494454671994971
forecast-transition,forecast_change_subset,text_plus_vadlex_emoflow,24,joy,0.7156119944509658
forecast-transition,forecast_change_subset,text_plus_vadlex_emoflow,24,trust,0.6797587753208597
forecast-transition,forecast_change_subset,text_plus_vadlex_emoflow,24,fear,0.6184187356929037
forecast-transition,forecast_change_subset,text_plus_vadlex_emoflow,24,surprise,0.8030083617508291
forecast-transition,forecast_change_subset,text_plus_vadlex_emoflow,24,sadness,0.6166066774233586
forecast-transition,forecast_change_subset,text_plus_vadlex_emoflow,24,disgust,0.5444620025858353
forecast-transition,forecast_change_subset,text_plus_vadlex_emoflow,24,anger,0.5460501448910168
forecast-transition,forecast_change_subset,text_plus_vadlex_emoflow,24,anticipation,0.8494454671994971
forecast-transition,forecast_change_subset,text_plus_vadlex_emoflow,42,joy,0.7176789248880092
forecast-transition,forecast_change_subset,text_plus_vadlex_emoflow,42,trust,0.6796516720770855
forecast-transition,forecast_change_subset,text_plus_vadlex_emoflow,42,fear,0.6182780238108933
forecast-transition,forecast_change_subset,text_plus_vadlex_emoflow,42,surprise,0.8030083617508291
forecast-transition,forecast_change_subset,text_plus_vadlex_emoflow,42,sadness,0.6202473660100779
forecast-transition,forecast_change_subset,text_plus_vadlex_emoflow,42,disgust,0.546908776480761
forecast-transition,forecast_change_subset,text_plus_vadlex_emoflow,42,anger,0.5494521132773588
forecast-transition,forecast_change_subset,text_plus_vadlex_emoflow,42,anticipation,0.8494454671994971
forecast-transition,forecast_change_subset,text_plus_vadlex_emoflow,73,joy,0.7046363585150133
forecast-transition,forecast_change_subset,text_plus_vadlex_emoflow,73,trust,0.6787283535797364
forecast-transition,forecast_change_subset,text_plus_vadlex_emoflow,73,fear,0.6153096050706972
forecast-transition,forecast_change_subset,text_plus_vadlex_emoflow,73,surprise,0.8029169783096485
forecast-transition,forecast_change_subset,text_plus_vadlex_emoflow,73,sadness,0.6140114300391704
forecast-transition,forecast_change_subset,text_plus_vadlex_emoflow,73,disgust,0.5381487682372638
forecast-transition,forecast_change_subset,text_plus_vadlex_emoflow,73,anger,0.5351181356342231
forecast-transition,forecast_change_subset,text_plus_vadlex_emoflow,73,anticipation,0.8494454671994971
forecast-transition,forecast_change_subset,text_plus_vadlex_emoflow,105,joy,0.716161300406377
forecast-transition,forecast_change_subset,text_plus_vadlex_emoflow,105,trust,0.6698081827253576
forecast-transition,forecast_change_subset,text_plus_vadlex_emoflow,105,fear,0.6148640020431618
forecast-transition,forecast_change_subset,text_plus_vadlex_emoflow,105,surprise,0.8030083617508291
forecast-transition,forecast_change_subset,text_plus_vadlex_emoflow,105,sadness,0.6196876600102407
forecast-transition,forecast_change_subset,text_plus_vadlex_emoflow,105,disgust,0.5461311831291673
forecast-transition,forecast_change_subset,text_plus_vadlex_emoflow,105,anger,0.5519513068385249
forecast-transition,forecast_change_subset,text_plus_vadlex_emoflow,105,anticipation,0.8494454671994971
forecast-transition,forecast_change_subset,text_plus_vadbert_global,12,joy,0.7092726263187118
forecast-transition,forecast_change_subset,text_plus_vadbert_global,12,trust,0.6794050706610915
forecast-transition,forecast_change_subset,text_plus_vadbert_global,12,fear,0.6133246668833279
forecast-transition,forecast_change_subset,text_plus_vadbert_global,12,surprise,0.802226588081205
forecast-transition,forecast_change_subset,text_plus_vadbert_global,12,sadness,0.6161933457272902
forecast-transition,forecast_change_subset,text_plus_vadbert_global,12,disgust,0.5387596899224806
forecast-transition,forecast_change_subset,text_plus_vadbert_global,12,anger,0.5424593967517402
forecast-transition,forecast_change_subset,text_plus_vadbert_global,12,anticipation,0.8493421348062329
forecast-transition,forecast_change_subset,text_plus_vadbert_global,24,joy,0.7106781321432459
forecast-transition,forecast_change_subset,text_plus_vadbert_global,24,trust,0.6796516720770855
forecast-transition,forecast_change_subset,text_plus_vadbert_global,24,fear,0.6148613593128495
forecast-transition,forecast_change_subset,text_plus_vadbert_global,24,surprise,0.8030083617508291
forecast-transition,forecast_change_subset,text_plus_vadbert_global,24,sadness,0.6155655996532723
forecast-transition,forecast_change_subset,text_plus_vadbert_global,24,disgust,0.5443268879970814
forecast-transition,forecast_change_subset,text_plus_vadbert_global,24,anger,0.5469835974423131
forecast-transition,forecast_change_subset,text_plus_vadbert_global,24,anticipation,0.8487251103703036
forecast-transition,forecast_change_subset,text_plus_vadbert_global,42,joy,0.7169111969111969
forecast-transition,forecast_change_subset,text_plus_vadbert_global,42,trust,0.679383788254756
forecast-transition,forecast_change_subset,text_plus_vadbert_global,42,fear,0.6118119625933597
forecast-transition,forecast_change_subset,text_plus_vadbert_global,42,surprise,0.8030083617508291
forecast-transition,forecast_change_subset,text_plus_vadbert_global,42,sadness,0.6180823280686482
forecast-transition,forecast_change_subset,text_plus_vadbert_global,42,disgust,0.5470133128877117
forecast-transition,forecast_change_subset,text_plus_vadbert_global,42,anger,0.5431041077028991
forecast-transition,forecast_change_subset,text_plus_vadbert_global,42,anticipation,0.8489895125354459
forecast-transition,forecast_change_subset,text_plus_vadbert_global,73,joy,0.7142020341871239
forecast-transition,forecast_change_subset,text_plus_vadbert_global,73,trust,0.6772352568167407
forecast-transition,forecast_change_subset,text_plus_vadbert_global,73,fear,0.6198687801196076
forecast-transition,forecast_change_subset,text_plus_vadbert_global,73,surprise,0.8030083617508291
forecast-transition,forecast_change_subset,text_plus_vadbert_global,73,sadness,0.6217280518878852
forecast-transition,forecast_change_subset,text_plus_vadbert_global,73,disgust,0.5432533568126788
forecast-transition,forecast_change_subset,text_plus_vadbert_global,73,anger,0.5484939980852788
forecast-transition,forecast_change_subset,text_plus_vadbert_global,73,anticipation,0.8478789516346933
forecast-transition,forecast_change_subset,text_plus_vadbert_global,105,joy,0.7179191961482102
forecast-transition,forecast_change_subset,text_plus_vadbert_global,105,trust,0.6732738323386082
forecast-transition,forecast_change_subset,text_plus_vadbert_global,105,fear,0.6139193227091634
forecast-transition,forecast_change_subset,text_plus_vadbert_global,105,surprise,0.8002831524303917
forecast-transition,forecast_change_subset,text_plus_vadbert_global,105,sadness,0.6144265697976129
forecast-transition,forecast_change_subset,text_plus_vadbert_global,105,disgust,0.5404231357091143
forecast-transition,forecast_change_subset,text_plus_vadbert_global,105,anger,0.5249801744647106
forecast-transition,forecast_change_subset,text_plus_vadbert_global,105,anticipation,0.8494454671994971
forecast-transition,forecast_change_subset,text_plus_vadbert_emoflow,12,joy,0.7179594396822078
forecast-transition,forecast_change_subset,text_plus_vadbert_emoflow,12,trust,0.6767844693516384
forecast-transition,forecast_change_subset,text_plus_vadbert_emoflow,12,fear,0.6171103103568523
forecast-transition,forecast_change_subset,text_plus_vadbert_emoflow,12,surprise,0.8030083617508291
forecast-transition,forecast_change_subset,text_plus_vadbert_emoflow,12,sadness,0.6077465726074803
forecast-transition,forecast_change_subset,text_plus_vadbert_emoflow,12,disgust,0.5421764327108821
forecast-transition,forecast_change_subset,text_plus_vadbert_emoflow,12,anger,0.5463491158014832
forecast-transition,forecast_change_subset,text_plus_vadbert_emoflow,12,anticipation,0.8494048955760162
forecast-transition,forecast_change_subset,text_plus_vadbert_emoflow,24,joy,0.717501290655653
forecast-transition,forecast_change_subset,text_plus_vadbert_emoflow,24,trust,0.6794392523364486
forecast-transition,forecast_change_subset,text_plus_vadbert_emoflow,24,fear,0.615451604876835
forecast-transition,forecast_change_subset,text_plus_vadbert_emoflow,24,surprise,0.8030083617508291
forecast-transition,forecast_change_subset,text_plus_vadbert_emoflow,24,sadness,0.620845921450151
forecast-transition,forecast_change_subset,text_plus_vadbert_emoflow,24,disgust,0.5435926610723937
forecast-transition,forecast_change_subset,text_plus_vadbert_emoflow,24,anger,0.5472882968601332
forecast-transition,forecast_change_subset,text_plus_vadbert_emoflow,24,anticipation,0.8494454671994971
forecast-transition,forecast_change_subset,text_plus_vadbert_emoflow,42,joy,0.7165050568241059
forecast-transition,forecast_change_subset,text_plus_vadbert_emoflow,42,trust,0.6796226609619053
forecast-transition,forecast_change_subset,text_plus_vadbert_emoflow,42,fear,0.6168145331643431
forecast-transition,forecast_change_subset,text_plus_vadbert_emoflow,42,surprise,0.8030083617508291
forecast-transition,forecast_change_subset,text_plus_vadbert_emoflow,42,sadness,0.619492025989368
forecast-transition,forecast_change_subset,text_plus_vadbert_emoflow,42,disgust,0.5456835035679306
forecast-transition,forecast_change_subset,text_plus_vadbert_emoflow,42,anger,0.5499316005471956
forecast-transition,forecast_change_subset,text_plus_vadbert_emoflow,42,anticipation,0.8492633848365073
forecast-transition,forecast_change_subset,text_plus_vadbert_emoflow,73,joy,0.7079252003561888
forecast-transition,forecast_change_subset,text_plus_vadbert_emoflow,73,trust,0.6791261130668875
forecast-transition,forecast_change_subset,text_plus_vadbert_emoflow,73,fear,0.6143311323061873
forecast-transition,forecast_change_subset,text_plus_vadbert_emoflow,73,surprise,0.8030083617508291
forecast-transition,forecast_change_subset,text_plus_vadbert_emoflow,73,sadness,0.6176897051715805
forecast-transition,forecast_change_subset,text_plus_vadbert_emoflow,73,disgust,0.5462502781692753
forecast-transition,forecast_change_subset,text_plus_vadbert_emoflow,73,anger,0.5393240556660039
forecast-transition,forecast_change_subset,text_plus_vadbert_emoflow,73,anticipation,0.8494454671994971
forecast-transition,forecast_change_subset,text_plus_vadbert_emoflow,105,joy,0.7168630722703098
forecast-transition,forecast_change_subset,text_plus_vadbert_emoflow,105,trust,0.6783150337837838
forecast-transition,forecast_change_subset,text_plus_vadbert_emoflow,105,fear,0.6185904940295013
forecast-transition,forecast_change_subset,text_plus_vadbert_emoflow,105,surprise,0.8030083617508291
forecast-transition,forecast_change_subset,text_plus_vadbert_emoflow,105,sadness,0.6170226250079219
forecast-transition,forecast_change_subset,text_plus_vadbert_emoflow,105,disgust,0.5471198243887669
forecast-transition,forecast_change_subset,text_plus_vadbert_emoflow,105,anger,0.5522220664517034
forecast-transition,forecast_change_subset,text_plus_vadbert_emoflow,105,anticipation,0.8494454671994971
forecast-transition,forecast_change_subset,text_plus_all_affective,12,joy,0.7034788037001305
forecast-transition,forecast_change_subset,text_plus_all_affective,12,trust,0.6763593125067561
forecast-transition,forecast_change_subset,text_plus_all_affective,12,fear,0.6135857461024499
forecast-transition,forecast_change_subset,text_plus_all_affective,12,surprise,0.8028971962616822
forecast-transition,forecast_change_subset,text_plus_all_affective,12,sadness,0.620497240994482
forecast-transition,forecast_change_subset,text_plus_all_affective,12,disgust,0.5472500759647524
forecast-transition,forecast_change_subset,text_plus_all_affective,12,anger,0.5461425592709862
forecast-transition,forecast_change_subset,text_plus_all_affective,12,anticipation,0.8491439356491259
forecast-transition,forecast_change_subset,text_plus_all_affective,24,joy,0.7164873810508895
forecast-transition,forecast_change_subset,text_plus_all_affective,24,trust,0.6796458344120541
forecast-transition,forecast_change_subset,text_plus_all_affective,24,fear,0.6148507150122658
forecast-transition,forecast_change_subset,text_plus_all_affective,24,surprise,0.8029715460449469
forecast-transition,forecast_change_subset,text_plus_all_affective,24,sadness,0.6150186055023485
forecast-transition,forecast_change_subset,text_plus_all_affective,24,disgust,0.5451898901680561
forecast-transition,forecast_change_subset,text_plus_all_affective,24,anger,0.5438115695133694
forecast-transition,forecast_change_subset,text_plus_all_affective,24,anticipation,0.8494454671994971
forecast-transition,forecast_change_subset,text_plus_all_affective,42,joy,0.7143551785617808
forecast-transition,forecast_change_subset,text_plus_all_affective,42,trust,0.6789292340312748
forecast-transition,forecast_change_subset,text_plus_all_affective,42,fear,0.6171603053435114
forecast-transition,forecast_change_subset,text_plus_all_affective,42,surprise,0.8030083617508291
forecast-transition,forecast_change_subset,text_plus_all_affective,42,sadness,0.6216108225355329
forecast-transition,forecast_change_subset,text_plus_all_affective,42,disgust,0.5416800256492466
forecast-transition,forecast_change_subset,text_plus_all_affective,42,anger,0.549281161997925
forecast-transition,forecast_change_subset,text_plus_all_affective,42,anticipation,0.8494454671994971
forecast-transition,forecast_change_subset,text_plus_all_affective,73,joy,0.7171764218806603
forecast-transition,forecast_change_subset,text_plus_all_affective,73,trust,0.6790302527973477
forecast-transition,forecast_change_subset,text_plus_all_affective,73,fear,0.6157355952032758
forecast-transition,forecast_change_subset,text_plus_all_affective,73,surprise,0.8030083617508291
forecast-transition,forecast_change_subset,text_plus_all_affective,73,sadness,0.6188670301019199
forecast-transition,forecast_change_subset,text_plus_all_affective,73,disgust,0.5386620330147698
forecast-transition,forecast_change_subset,text_plus_all_affective,73,anger,0.545429012779104
forecast-transition,forecast_change_subset,text_plus_all_affective,73,anticipation,0.8494454671994971
forecast-transition,forecast_change_subset,text_plus_all_affective,105,joy,0.7163179053705804
forecast-transition,forecast_change_subset,text_plus_all_affective,105,trust,0.6753633991800224
forecast-transition,forecast_change_subset,text_plus_all_affective,105,fear,0.6149465291400367
forecast-transition,forecast_change_subset,text_plus_all_affective,105,surprise,0.8030083617508291
forecast-transition,forecast_change_subset,text_plus_all_affective,105,sadness,0.6204201270151442
forecast-transition,forecast_change_subset,text_plus_all_affective,105,disgust,0.5420748168145005
forecast-transition,forecast_change_subset,text_plus_all_affective,105,anger,0.5463103552991193
forecast-transition,forecast_change_subset,text_plus_all_affective,105,anticipation,0.8494454671994971
