task_display,strategy,emotion,f1_mean,f1_std,delta_vs_text_f1_mean,delta_vs_text_f1_std
current,text_only,anger,0.5256380309463876,0.0017068212131657,0.0,0.0
current,text_only,anticipation,0.7294202071439579,0.0026238985675073,0.0,0.0
current,text_only,disgust,0.5247136893389468,0.0029417571303491,0.0,0.0
current,text_only,fear,0.5532732124227668,0.0028912023772678,0.0,0.0
current,text_only,joy,0.653881387600671,0.0014191641443025,0.0,0.0
current,text_only,sadness,0.576864221756085,0.002504848837075,0.0,0.0
current,text_only,surprise,0.6753651599608639,0.002222594222055,0.0,0.0
current,text_only,trust,0.6070486568821309,0.0021687439042197,0.0,0.0
current,text_plus_all_affective,anger,0.5282071951472224,0.0036969951155434,0.0025691642008348,0.0034369176047796
current,text_plus_all_affective,sadness,0.5789345978800651,0.0022866447514348,0.0020703761239801,0.0023962477690691
current,text_plus_all_affective,joy,0.6554905436465763,0.0032850776966085,0.0016091560459051,0.0029125497126614
current,text_plus_all_affective,fear,0.5534432457853169,0.0012253693418487,0.00017003336255,0.0033880714034773
current,text_plus_all_affective,trust,0.6069850259295826,0.0017734871115094,-6.363095254833251e-05,0.002967886509707
current,text_plus_all_affective,disgust,0.5246133082479778,0.0048649658135837,-0.000100381090969,0.0062910043224804
current,text_plus_all_affective,anticipation,0.7287931788351489,0.0029325647892248,-0.0006270283088089,0.0025435365492374
current,text_plus_all_affective,surprise,0.6740681744570136,0.0043535116674238,-0.0012969855038502,0.006012876489944
current,text_plus_vadbert_emoflow,trust,0.6096996731184755,0.0023523585086602,0.0026510162363445,0.0032234710215965
current,text_plus_vadbert_emoflow,fear,0.554955265659775,0.0028249321461783,0.0016820532370082,0.0043977467593776
current,text_plus_vadbert_emoflow,joy,0.6550732109882196,0.0021400389772705,0.0011918233875484,0.0017496645019704
current,text_plus_vadbert_emoflow,sadness,0.5778522906392114,0.0040865034849202,0.0009880688831264,0.0027693367112279
current,text_plus_vadbert_emoflow,disgust,0.5250072133615481,0.0048312615913293,0.0002935240226012,0.0048238721493603
current,text_plus_vadbert_emoflow,anticipation,0.7295189916746578,0.0016935277015512,9.878453069995796e-05,0.0023771063123351
current,text_plus_vadbert_emoflow,surprise,0.6748007840023137,0.0017729758669438,-0.0005643759585501,0.0033408892663396
current,text_plus_vadbert_emoflow,anger,0.5241399867707488,0.0028845443382613,-0.0014980441756388,0.0026041468097957
current,text_plus_vadbert_global,anger,0.5281069082894896,0.0043386133193162,0.0024688773431019,0.0028202538300153
current,text_plus_vadbert_global,trust,0.6078351672239248,0.0021523080895778,0.0007865103417939,0.0024316181722783
current,text_plus_vadbert_global,fear,0.5532562933868317,0.0013343501961264,-1.6919035935147875e-05,0.0024001718124456
current,text_plus_vadbert_global,sadness,0.5766732042376709,0.0025290079093944,-0.0001910175184141,0.0032865251270554
current,text_plus_vadbert_global,anticipation,0.728570461356233,0.0020202612803797,-0.0008497457877248,0.0034260701350071
current,text_plus_vadbert_global,disgust,0.5238314232291844,0.0042288576060136,-0.0008822661097624,0.0037573140377352
current,text_plus_vadbert_global,joy,0.6529502235225422,0.0018788490953423,-0.0009311640781289,0.0020982776468369
current,text_plus_vadbert_global,surprise,0.6739873761706476,0.0024297744139652,-0.0013777837902162,0.0032960860257957
current,text_plus_vadlex_emoflow,trust,0.6087407410407686,0.0034414455973233,0.0016920841586375,0.0023736089498723
current,text_plus_vadlex_emoflow,sadness,0.5784890849467665,0.0015812920502167,0.0016248631906816,0.0010177627239999
current,text_plus_vadlex_emoflow,joy,0.6555008444517075,0.0010058426070302,0.0016194568510364,0.0015242901699816
current,text_plus_vadlex_emoflow,fear,0.5537318460140581,0.00249410287821,0.0004586335912911,0.0044283743046158
current,text_plus_vadlex_emoflow,disgust,0.5251297920545672,0.0040424790465193,0.0004161027156204,0.0040960620385545
current,text_plus_vadlex_emoflow,anticipation,0.7291565631099308,0.0022932905700976,-0.000263644034027,0.0012872395478677
current,text_plus_vadlex_emoflow,surprise,0.674833137529924,0.0015781913039891,-0.0005320224309398,0.0021646252090866
current,text_plus_vadlex_emoflow,anger,0.5243921126690634,0.003059161198507,-0.0012459182773241,0.0034703723342075
forecast,text_only,anger,0.4703357202322888,0.0065850237420197,0.0,0.0
forecast,text_only,anticipation,0.7421898143897241,0.0017914978493963,0.0,0.0
forecast,text_only,disgust,0.4743879879145098,0.0053212217546544,0.0,0.0
forecast,text_only,fear,0.5247004359739883,0.002354591247943,0.0,0.0
forecast,text_only,joy,0.6192442355616594,0.0098698443691383,0.0,0.0
forecast,text_only,sadness,0.5240642164399252,0.0039940261790396,0.0,0.0
forecast,text_only,surprise,0.6988977874471781,0.0025741732384587,0.0,0.0
forecast,text_only,trust,0.5880127756001798,0.0030843184175942,0.0,0.0
forecast,text_plus_all_affective,joy,0.6238209687977159,0.0030094996554023,0.0045767332360564,0.0100396500262134
forecast,text_plus_all_affective,sadness,0.5283691566819598,0.0012386123707453,0.0043049402420346,0.0036797507565528
forecast,text_plus_all_affective,anger,0.4720965575574167,0.0038902275814527,0.0017608373251279,0.0050063170877182
forecast,text_plus_all_affective,disgust,0.4759692359347374,0.0014098553559531,0.0015812480202275,0.0056451573438804
forecast,text_plus_all_affective,fear,0.5261769911592193,0.001649377158856,0.0014765551852311,0.0012470120947323
forecast,text_plus_all_affective,surprise,0.7002610172140977,0.0016534664800748,0.0013632297669196,0.0039638469231061
forecast,text_plus_all_affective,anticipation,0.7421844129043265,0.0016156614536918,-5.401485397538152e-06,0.0027994205997205
forecast,text_plus_all_affective,trust,0.5869880825836409,0.0013226637031107,-0.0010246930165388,0.0033011611389409
forecast,text_plus_vadbert_emoflow,joy,0.6252633810477616,0.0034282718703715,0.0060191454861021,0.0098142470114759
forecast,text_plus_vadbert_emoflow,surprise,0.7007538000458793,0.0020269219435709,0.0018560125987011,0.001410688807789
forecast,text_plus_vadbert_emoflow,anticipation,0.7432635388667254,0.001010109643249,0.0010737244770013,0.0019170248865579
forecast,text_plus_vadbert_emoflow,trust,0.5890013598323138,0.0039328522863594,0.0009885842321341,0.0048091259974347
forecast,text_plus_vadbert_emoflow,sadness,0.5245426964842915,0.0029112685339786,0.0004784800443663,0.0018915698426848
forecast,text_plus_vadbert_emoflow,anger,0.470331455527235,0.0052188131513088,-4.2647050538136e-06,0.0023256393547922
forecast,text_plus_vadbert_emoflow,disgust,0.4723020447265731,0.0063978994489567,-0.0020859431879367,0.0058319728448732
forecast,text_plus_vadbert_emoflow,fear,0.5217404449446494,0.005096989191166,-0.0029599910293387,0.0051625755297739
forecast,text_plus_vadbert_global,joy,0.6212528988360988,0.0061802432219097,0.0020086632744392,0.0103507471594123
forecast,text_plus_vadbert_global,trust,0.5893037469426469,0.0006293241937234,0.001290971342467,0.0029385481685104
forecast,text_plus_vadbert_global,anticipation,0.74260463527825,0.000914596130609,0.000414820888526,0.0017480007998846
forecast,text_plus_vadbert_global,surprise,0.699081263284455,0.0023582351862018,0.0001834758372768,0.0030526111679182
forecast,text_plus_vadbert_global,anger,0.4693689171778709,0.0044498921459154,-0.0009668030544179,0.0052738737956317
forecast,text_plus_vadbert_global,fear,0.5236058501798342,0.0015258780590703,-0.001094585794154,0.0038433632096439
forecast,text_plus_vadbert_global,disgust,0.472503956422322,0.0044808104189777,-0.0018840314921879,0.006469790669695
forecast,text_plus_vadbert_global,sadness,0.5201845100479858,0.0067448660859488,-0.0038797063919393,0.0079404174579964
forecast,text_plus_vadlex_emoflow,joy,0.6253897311186752,0.0041089086239743,0.0061454955570157,0.0105949553949854
forecast,text_plus_vadlex_emoflow,trust,0.5906867562223921,0.0036128166420611,0.0026739806222123,0.0033232020845325
forecast,text_plus_vadlex_emoflow,surprise,0.7006588146823167,0.0009402239536262,0.0017610272351386,0.0020146171566082
forecast,text_plus_vadlex_emoflow,sadness,0.5250832194123491,0.0031617732568595,0.0010190029724239,0.0065655032541655
forecast,text_plus_vadlex_emoflow,anticipation,0.7424410321215478,0.001081614148816,0.0002512177318236,0.0017467805213738
forecast,text_plus_vadlex_emoflow,fear,0.5242485293001617,0.001926022450255,-0.0004519066738264,0.0034253859990709
forecast,text_plus_vadlex_emoflow,anger,0.4695114245780299,0.004570737913601,-0.0008242956542588,0.0036933541169533
forecast,text_plus_vadlex_emoflow,disgust,0.4733628985375439,0.0040481927953973,-0.0010250893769659,0.0044079037654397
forecast-transition,text_only,anger,0.5460032751889462,0.007317380977618,0.0,0.0
forecast-transition,text_only,anticipation,0.8494031359939032,9.465545327757926e-05,0.0,0.0
forecast-transition,text_only,disgust,0.5439838950233236,0.0065156727554864,0.0,0.0
forecast-transition,text_only,fear,0.6146757237909363,0.0021662464723828,0.0,0.0
forecast-transition,text_only,joy,0.7150317726321805,0.0029914109166496,0.0,0.0
forecast-transition,text_only,sadness,0.6159993308905273,0.0060321085399247,0.0,0.0
forecast-transition,text_only,surprise,0.8028002412206098,0.0003136699612868,0.0,0.0
forecast-transition,text_only,trust,0.6783622704903693,0.0015294308460427,0.0,0.0
forecast-transition,text_plus_all_affective,sadness,0.6192827652298856,0.0025760574484233,0.0032834343393582,0.0069986774436828
forecast-transition,text_plus_all_affective,fear,0.6152557781603079,0.0013139792969257,0.0005800543693716,0.0031428202081938
forecast-transition,text_plus_all_affective,anger,0.5461949317721008,0.0019879593831635,0.0001916565831545,0.0056056207991788
forecast-transition,text_plus_all_affective,surprise,0.8029787655118232,4.8304956682576736e-05,0.0001785242912134,0.0002773082948889
forecast-transition,text_plus_all_affective,anticipation,0.8493851608894228,0.0001348490087981,-1.797510448029449e-05,4.019355552059951e-05
forecast-transition,text_plus_all_affective,trust,0.6778656065854911,0.0018832736795471,-0.0004966639048783,0.0022484013583212
forecast-transition,text_plus_all_affective,disgust,0.542971368322265,0.0033268197865149,-0.0010125267010585,0.0090611884778829
forecast-transition,text_plus_all_affective,joy,0.7135631381128082,0.0057340406262068,-0.0014686345193723,0.0074565889655472
forecast-transition,text_plus_vadbert_emoflow,fear,0.6164596149467438,0.00163068542149,0.0017838911558075,0.0026293699539525
forecast-transition,text_plus_vadbert_emoflow,anger,0.5470230270653038,0.0048807913114496,0.0010197518763576,0.0080700338798872
forecast-transition,text_plus_vadbert_emoflow,disgust,0.5449645399818497,0.0020292163571221,0.000980644958526,0.0050387690358701
forecast-transition,text_plus_vadbert_emoflow,sadness,0.6165593700453004,0.0051510352156349,0.0005600391547731,0.0021039797002537
forecast-transition,text_plus_vadbert_emoflow,joy,0.715350811957693,0.004188926394574,0.0003190393255124,0.0017835131911314
forecast-transition,text_plus_vadbert_emoflow,trust,0.6786575059001327,0.0011605814839083,0.0002952354097633,0.0012938497293273
forecast-transition,text_plus_vadbert_emoflow,surprise,0.8030083617508291,0.0,0.0002081205302193,0.0003136699612868
forecast-transition,text_plus_vadbert_emoflow,anticipation,0.849400936402203,7.88750340817118e-05,-2.1995917002026743e-06,0.0001248996290556
forecast-transition,text_plus_vadbert_global,sadness,0.6171991790269418,0.0028573714212446,0.0011998481364144,0.0061671078804376
forecast-transition,text_plus_vadbert_global,fear,0.6147572183236616,0.0030646253174848,8.149453272532359e-05,0.0030058005404978
forecast-transition,text_plus_vadbert_global,surprise,0.8023069651528167,0.0011809053700657,-0.000493276067793,0.0012577914741311
forecast-transition,text_plus_vadbert_global,anticipation,0.8488762353092346,0.0006267640087877,-0.0005269006846686,0.0006716382925583
forecast-transition,text_plus_vadbert_global,trust,0.6777899240296563,0.0027073025080434,-0.000572346460713,0.0037665115526184
forecast-transition,text_plus_vadbert_global,disgust,0.5427552766658134,0.0032500966655501,-0.0012286183575102,0.0074440755641826
forecast-transition,text_plus_vadbert_global,joy,0.7137966371416977,0.003776641015382,-0.0012351354904828,0.0047275203165748
forecast-transition,text_plus_vadbert_global,anger,0.5412042548893883,0.0094200154410717,-0.0047990202995578,0.0135151770728487
forecast-transition,text_plus_vadlex_emoflow,sadness,0.617994347626802,0.0026344433870419,0.0019950167362748,0.0071563720031045
forecast-transition,text_plus_vadlex_emoflow,fear,0.6164623903018686,0.0017356277559108,0.0017866665109322,0.0038012973457111
forecast-transition,text_plus_vadlex_emoflow,anger,0.5462547810994779,0.0065713387105144,0.0002515059105316,0.0093436542711422
forecast-transition,text_plus_vadlex_emoflow,surprise,0.8029900850625931,4.086791729954721e-05,0.0001898438419831,0.0003310112028224
forecast-transition,text_plus_vadlex_emoflow,anticipation,0.8494454671994971,0.0,4.233120559393733e-05,9.465545327756322e-05
forecast-transition,text_plus_vadlex_emoflow,disgust,0.5434722940310381,0.0035812576822583,-0.0005116009922854,0.0071381441309546
forecast-transition,text_plus_vadlex_emoflow,joy,0.7141155603677314,0.0053528375367018,-0.0009162122644492,0.0024385339317046
forecast-transition,text_plus_vadlex_emoflow,trust,0.6770241446241071,0.0041647004230387,-0.0013381258662622,0.0048910536542439
transition,text_only,anger,0.6116910630435146,0.0041860228376673,0.0,0.0
transition,text_only,anticipation,0.8492615279347046,0.0004113006998073,0.0,0.0
transition,text_only,disgust,0.6084699543600054,0.0033001737990585,0.0,0.0
transition,text_only,fear,0.6518854059936634,0.0056609961761844,0.0,0.0
transition,text_only,joy,0.7436175427720445,0.0018510255212528,0.0,0.0
transition,text_only,sadness,0.6761130572296347,0.0016881544918886,0.0,0.0
transition,text_only,surprise,0.8025806856415985,0.0007418674972168,0.0,0.0
transition,text_only,trust,0.6915091746292317,0.001063181043171,0.0,0.0
transition,text_plus_all_affective,anger,0.6133201084253923,0.0026953968776218,0.0016290453818776,0.0022002904123095
transition,text_plus_all_affective,fear,0.6533200789158581,0.0031307301887531,0.0014346729221946,0.0075161283496052
transition,text_plus_all_affective,disgust,0.6098495682897453,0.0027169443262055,0.0013796139297399,0.0039958532011755
transition,text_plus_all_affective,joy,0.7445584117825408,0.0026161329677873,0.0009408690104963,0.0040448333440739
transition,text_plus_all_affective,surprise,0.8027499784005443,0.0002328921146659,0.0001692927589459,0.0008936216846676
transition,text_plus_all_affective,trust,0.6914993711208481,0.0020206153490899,-9.80350838344357e-06,0.0023610860749721
transition,text_plus_all_affective,anticipation,0.8491945634097599,0.000448630815981,-6.696452494479033e-05,7.130396939122977e-05
transition,text_plus_all_affective,sadness,0.6751315282906863,0.0031326888510989,-0.0009815289389483,0.0037733770770649
transition,text_plus_vadbert_emoflow,trust,0.6928492843554789,0.0026023644503946,0.0013401097262472,0.0023794260003919
transition,text_plus_vadbert_emoflow,joy,0.744886280514262,0.0014255349427328,0.0012687377422174,0.0024693069209194
transition,text_plus_vadbert_emoflow,anger,0.6126033044134765,0.0026710756635532,0.0009122413699619,0.005495897814755
transition,text_plus_vadbert_emoflow,fear,0.6527289543560277,0.0039433792315826,0.0008435483623643,0.007690296351337
transition,text_plus_vadbert_emoflow,surprise,0.8027010006403241,0.0003221515120967,0.0001203149987257,0.0004556211374758
transition,text_plus_vadbert_emoflow,anticipation,0.8487885198295115,0.0008848909512807,-0.000473008105193,0.0007541180040251
transition,text_plus_vadbert_emoflow,disgust,0.6064903035156959,0.0047454768484467,-0.0019796508443094,0.0067375257030146
transition,text_plus_vadbert_emoflow,sadness,0.6739567725133617,0.0038807479507446,-0.0021562847162729,0.0051174244080485
transition,text_plus_vadbert_global,anger,0.6127614526332403,0.0031453168713553,0.0010703895897256,0.0034506946007553
transition,text_plus_vadbert_global,joy,0.7446280603396822,0.0031961138726246,0.0010105175676376,0.0021125973880147
transition,text_plus_vadbert_global,fear,0.6526736933853121,0.0047001076998873,0.0007882873916487,0.0084993640112703
transition,text_plus_vadbert_global,surprise,0.8029678550193898,5.913382377703106e-05,0.0003871693777914,0.0007201015176654
transition,text_plus_vadbert_global,trust,0.6918329267294332,0.0037284586781443,0.0003237521002015,0.0034046227755468
transition,text_plus_vadbert_global,anticipation,0.8493465364944758,0.0001431068624482,8.500855977109368e-05,0.0004849133351532
transition,text_plus_vadbert_global,sadness,0.6760532658781153,0.0020625297460061,-5.979135151932269e-05,0.0022481281635995
transition,text_plus_vadbert_global,disgust,0.6072970572345138,0.004668543322242,-0.0011728971254916,0.0067206765382342
transition,text_plus_vadlex_emoflow,fear,0.6550916555738227,0.0019994877071641,0.0032062495801591,0.0072878279919552
transition,text_plus_vadlex_emoflow,joy,0.7441807692413284,0.000620772615142,0.0005632264692838,0.0021411234845577
transition,text_plus_vadlex_emoflow,surprise,0.8029529768800009,7.618239800186665e-05,0.0003722912384025,0.0006898659430757
transition,text_plus_vadlex_emoflow,trust,0.6915255776783518,0.003604927491265,1.6403049120183864e-05,0.0038345506375186
transition,text_plus_vadlex_emoflow,anticipation,0.8491816889279082,0.0003766463779801,-7.983900679628953e-05,0.0004455616736747
transition,text_plus_vadlex_emoflow,anger,0.6112700731359448,0.0044516027732271,-0.0004209899075698,0.0024640081043181
transition,text_plus_vadlex_emoflow,sadness,0.6738400621521309,0.0014612685368719,-0.0022729950775038,0.0028067809212195
transition,text_plus_vadlex_emoflow,disgust,0.606116181471756,0.0054021195914177,-0.0023537728882493,0.006986099284159
