task_display,task,strategy,factor,bin,n,micro_f1,macro_f1,micro_p,micro_r
current,state_current,text_only,length_bin,short,8095,0.5766049460469412,0.5508125466732213,0.4917991691734708,0.6967529173008625
current,state_current,text_only,length_bin,medium,7500,0.6377339948326967,0.6211762235565561,0.5169471925992548,0.8321750641184744
current,state_current,text_only,length_bin,long,7175,0.6577603263953863,0.6389232143693171,0.5234224337849384,0.8848629910861671
current,state_current,text_only,transition_bin,low,13430,0.5537572381360495,0.5316827046349626,0.4165055123055817,0.825925925925926
current,state_current,text_only,transition_bin,high,9340,0.7088294527081935,0.6915617582174481,0.6361752954358074,0.8002180503111206
current,state_current,text_only,distance_bin,high,7570,0.7199730567912322,0.705928778233015,0.6524160732451678,0.8031370339062647
current,state_current,text_only,distance_bin,low,7590,0.3952284385065012,0.3392566649689728,0.2583109835963326,0.8409990862016449
current,state_current,text_only,distance_bin,medium,7610,0.6807344128522249,0.6588464056489475,0.5864133120984129,0.8112132492592874
current,state_current,text_plus_vadlex_emoflow,length_bin,short,8095,0.577682748692762,0.5494781944755311,0.4956588077160606,0.6922374429223744
current,state_current,text_plus_vadlex_emoflow,length_bin,medium,7500,0.6387117449126742,0.6209374580217791,0.5212626843812114,0.8244808471911972
current,state_current,text_plus_vadlex_emoflow,length_bin,long,7175,0.6599347522137642,0.6401143235328022,0.529174348497683,0.876526906569825
current,state_current,text_plus_vadlex_emoflow,transition_bin,low,13430,0.5567226422247497,0.5333722799674969,0.4218887311566281,0.8182235332677811
current,state_current,text_plus_vadlex_emoflow,transition_bin,high,9340,0.7079148633426217,0.6891882136272747,0.63881101671339,0.7937829069829283
current,state_current,text_plus_vadlex_emoflow,distance_bin,high,7570,0.7189018190035025,0.7040691756664732,0.6548485862042349,0.796844181459566
current,state_current,text_plus_vadlex_emoflow,distance_bin,low,7590,0.3996399639963996,0.3400684028273916,0.2627807281335978,0.8339932988120622
current,state_current,text_plus_vadlex_emoflow,distance_bin,medium,7610,0.6811052784129336,0.6572049940828514,0.5911504919499105,0.8033503000835676
current,state_current,text_plus_vadbert_global,length_bin,short,8095,0.5758273320521214,0.5489272432265293,0.4932165985311674,0.6916793505834602
current,state_current,text_plus_vadbert_global,length_bin,medium,7500,0.6377833431702532,0.6208521226460759,0.5190445281059327,0.8269628526516092
current,state_current,text_plus_vadbert_global,length_bin,long,7175,0.6577905166967162,0.6386423392315195,0.5249010107965865,0.8807774843182569
current,state_current,text_plus_vadbert_global,transition_bin,low,13430,0.5541476188362701,0.5314811584945915,0.4188781158788204,0.8184529662405768
current,state_current,text_plus_vadbert_global,transition_bin,high,9340,0.7073777547194283,0.6898720291783762,0.6354680846556363,0.7976386746795724
current,state_current,text_plus_vadbert_global,distance_bin,high,7570,0.7173891674039123,0.703501298787818,0.6504456327985739,0.799693184308569
current,state_current,text_plus_vadbert_global,distance_bin,low,7590,0.398191576809632,0.339659617236361,0.2613207247802494,0.836125494974109
current,state_current,text_plus_vadbert_global,distance_bin,medium,7610,0.6795702373316228,0.6570845801002589,0.5880279735805073,0.8048697105523057
current,state_current,text_plus_vadbert_emoflow,length_bin,short,8095,0.5788525208499224,0.5517624977123619,0.4930743966871341,0.7007610350076103
current,state_current,text_plus_vadbert_emoflow,length_bin,medium,7500,0.638449379719956,0.6207216904170569,0.5198783119685899,0.8270869529246297
current,state_current,text_plus_vadbert_emoflow,length_bin,long,7175,0.6611590743524962,0.6414224687534889,0.5294278267345166,0.8801584681413007
current,state_current,text_plus_vadbert_emoflow,transition_bin,low,13430,0.556649809244965,0.5333854465154139,0.4206644540547789,0.8225499836119305
current,state_current,text_plus_vadbert_emoflow,transition_bin,high,9340,0.709246316584813,0.6907514595281998,0.6377765510212748,0.7987555177365314
current,state_current,text_plus_vadbert_emoflow,distance_bin,high,7570,0.7203152487509675,0.7055775628173291,0.6542670143682568,0.8011959550421089
current,state_current,text_plus_vadbert_emoflow,distance_bin,low,7590,0.3995563699488861,0.3402940483193137,0.2619913365162677,0.8413036856533658
current,state_current,text_plus_vadbert_emoflow,distance_bin,medium,7610,0.6819589034503778,0.6581881774288391,0.5902262945994724,0.8074527083491605
current,state_current,text_plus_all_affective,length_bin,short,8095,0.57873024603863,0.5517360309655399,0.4963169926339852,0.6939624556062912
current,state_current,text_plus_all_affective,length_bin,medium,7500,0.6367842775595872,0.6194750396890714,0.5171888317793217,0.8283279556548357
current,state_current,text_plus_all_affective,length_bin,long,7175,0.6583941154654469,0.6393763941410007,0.5262598814229249,0.8791267745130406
current,state_current,text_plus_all_affective,transition_bin,low,13430,0.5552289792704163,0.5325049803644749,0.419607382944125,0.8203867584398558
current,state_current,text_plus_all_affective,transition_bin,high,9340,0.7077002986625114,0.6899176686989111,0.6363443371192018,0.7970802531510929
current,state_current,text_plus_all_affective,distance_bin,high,7570,0.7187886975121017,0.7046726870760208,0.6528129233443243,0.7995992611377227
current,state_current,text_plus_all_affective,distance_bin,low,7590,0.3973952407465685,0.3385369813061711,0.2609027336300064,0.8333840999086202
current,state_current,text_plus_all_affective,distance_bin,medium,7610,0.6802348837581401,0.6574200059215436,0.5876482459292842,0.8074527083491605
forecast,forecast_next,text_only,length_bin,short,6472,0.5667093265077587,0.5402238270897106,0.4549686948145769,0.7512060647829083
forecast,forecast_next,text_only,length_bin,medium,6148,0.626717170835588,0.6076754165670324,0.4951866052464623,0.8533941814033086
forecast,forecast_next,text_only,length_bin,long,5596,0.621505376344086,0.5962742231231387,0.480444483331875,0.8798269508091652
forecast,forecast_next,text_only,transition_bin,low,10744,0.5353639032773971,0.5082029580981182,0.3932873901835972,0.8381479128517508
forecast,forecast_next,text_only,transition_bin,high,7472,0.6839168332875942,0.6635769907393931,0.5859420484571634,0.8212346608919436
forecast,forecast_next,text_only,distance_bin,high,6056,0.69297723785967,0.6761625911927831,0.6047432989972403,0.8113567212874372
forecast,forecast_next,text_only,distance_bin,low,6072,0.3864098393982517,0.3309628844770277,0.2483909961122545,0.8696099736932403
forecast,forecast_next,text_only,distance_bin,medium,6088,0.6608266026595652,0.634506912816966,0.5470023493923485,0.8344690265486726
forecast,forecast_next,text_plus_vadlex_emoflow,length_bin,short,6472,0.5674036467921019,0.5419518778475304,0.4471353530417786,0.7761755818268569
forecast,forecast_next,text_plus_vadlex_emoflow,length_bin,medium,6148,0.6271844992554302,0.6092660578194519,0.4900366437531762,0.87093553907587
forecast,forecast_next,text_plus_vadlex_emoflow,length_bin,long,5596,0.6218877740616872,0.5971228272069609,0.476821380744793,0.8938204347593869
forecast,forecast_next,text_plus_vadlex_emoflow,transition_bin,low,10744,0.5334280325082086,0.5074497957402933,0.3874202986791144,0.8560484323031503
forecast,forecast_next,text_plus_vadlex_emoflow,transition_bin,high,7472,0.6872402647375712,0.6676087075514291,0.5811153771067873,0.8407871198568873
forecast,forecast_next,text_plus_vadlex_emoflow,distance_bin,high,6056,0.6969030292773735,0.6811361087254578,0.6004506892895016,0.830272370688075
forecast,forecast_next,text_plus_vadlex_emoflow,distance_bin,low,6072,0.381463173504696,0.3268336231899658,0.2433080051707286,0.8826489763239163
forecast,forecast_next,text_plus_vadlex_emoflow,distance_bin,medium,6088,0.6621225873850423,0.6370402757453512,0.5401078483417618,0.855353982300885
forecast,forecast_next,text_plus_vadbert_global,length_bin,short,6472,0.5664751259445844,0.5403960787337031,0.4504428379181923,0.7630281503472406
forecast,forecast_next,text_plus_vadbert_global,length_bin,medium,6148,0.6261053507646427,0.6070549604321773,0.4927943665047218,0.858290549534132
forecast,forecast_next,text_plus_vadbert_global,length_bin,long,5596,0.6212626462442774,0.5954763997349533,0.4799161718477122,0.8806281044704374
forecast,forecast_next,text_plus_vadbert_global,transition_bin,low,10744,0.5346164317081543,0.5073658240750922,0.3912237544175733,0.8439403565155649
forecast,forecast_next,text_plus_vadbert_global,transition_bin,high,7472,0.6837298601561892,0.6633196575652629,0.582734449284656,0.827072152653548
forecast,forecast_next,text_plus_vadbert_global,distance_bin,high,6056,0.6929787730347562,0.6759957792306656,0.6017663263652568,0.8167821401077752
forecast,forecast_next,text_plus_vadbert_global,distance_bin,low,6072,0.3845185968090996,0.3288453639238356,0.246491369575738,0.8738419306874071
forecast,forecast_next,text_plus_vadbert_global,distance_bin,medium,6088,0.6610923756214582,0.6348687939600378,0.544436809253851,0.8413716814159292
forecast,forecast_next,text_plus_vadbert_emoflow,length_bin,short,6472,0.5689292394014963,0.5420994185437684,0.4497458801786539,0.7740550283624026
forecast,forecast_next,text_plus_vadbert_emoflow,length_bin,medium,6148,0.628947777835399,0.6094233703315957,0.4941732540135278,0.8648031945236737
forecast,forecast_next,text_plus_vadbert_emoflow,length_bin,long,5596,0.6223312607685969,0.5964204703905431,0.4791913015891327,0.887411205469209
forecast,forecast_next,text_plus_vadbert_emoflow,transition_bin,low,10744,0.5354397248858581,0.5077743431484423,0.3903014954998118,0.8524234836877312
forecast,forecast_next,text_plus_vadbert_emoflow,transition_bin,high,7472,0.6875355425735408,0.6665115995317703,0.5844558219253334,0.8347613219094248
forecast,forecast_next,text_plus_vadbert_emoflow,distance_bin,high,6056,0.695786912933666,0.6785367871798309,0.6026088356862955,0.8230506983393819
forecast,forecast_next,text_plus_vadbert_emoflow,distance_bin,low,6072,0.3848301999700793,0.3287729463812012,0.2460542677677518,0.8826489763239163
forecast,forecast_next,text_plus_vadbert_emoflow,distance_bin,medium,6088,0.6642154324184361,0.6370360668384573,0.5445513727710162,0.851283185840708
forecast,forecast_next,text_plus_all_affective,length_bin,short,6472,0.567397084797081,0.5430670480919626,0.4475505205143907,0.7749032497481843
forecast,forecast_next,text_plus_all_affective,length_bin,medium,6148,0.628373393724158,0.610055228095921,0.4916109634640681,0.8705552386385245
forecast,forecast_next,text_plus_all_affective,length_bin,long,5596,0.6220827686080838,0.5983693430608533,0.4767772781603961,0.8947818191529135
forecast,forecast_next,text_plus_all_affective,transition_bin,low,10744,0.5335850023885258,0.5081265720387912,0.3876549062097921,0.8557120968646063
forecast,forecast_next,text_plus_all_affective,transition_bin,high,7472,0.6881712142233184,0.6688382164816863,0.5825232161110023,0.8406301980353388
forecast,forecast_next,text_plus_all_affective,distance_bin,high,6056,0.6987554679317356,0.6824636404496994,0.6025501394607518,0.8315187506873419
forecast,forecast_next,text_plus_all_affective,distance_bin,low,6072,0.3804791218571534,0.3287038185265505,0.2426985428625497,0.880132677570628
forecast,forecast_next,text_plus_all_affective,distance_bin,medium,6088,0.6622868709046622,0.6374405907035767,0.5407865986890021,0.8542035398230089
transition,change_subset,text_only,length_bin,short,4286,0.7313381334682892,0.7135059551979643,0.6187380794830875,0.8940382452193476
transition,change_subset,text_only,length_bin,medium,4582,0.7259363716001112,0.7089905438768267,0.6112770321327048,0.8935409215232485
transition,change_subset,text_only,length_bin,long,3944,0.7166029809955209,0.6968594695026279,0.5968972640276549,0.8963661686502912
transition,change_subset,text_only,transition_bin,low,5340,0.71224700615985,0.6898489889303259,0.5900662461567721,0.8982388419782871
transition,change_subset,text_only,transition_bin,high,7472,0.733439116580879,0.7177050709157708,0.6226617601962589,0.8921633242318677
transition,change_subset,text_only,distance_bin,high,4250,0.7431497968709482,0.7302279680377219,0.6391718087874507,0.8875296789511716
transition,change_subset,text_only,distance_bin,low,4302,0.6902291122218557,0.644496925750872,0.5572078161484577,0.9066791094520732
transition,change_subset,text_only,distance_bin,medium,4260,0.7367466328057685,0.7207522964307893,0.627500965623793,0.8920491983307709
transition,change_subset,text_plus_vadlex_emoflow,length_bin,short,4286,0.7325324495995581,0.71493715197473,0.619936117170458,0.8951068616422947
transition,change_subset,text_plus_vadlex_emoflow,length_bin,medium,4582,0.7263519313304722,0.7090316590752321,0.6134551254168479,0.8901746265516516
transition,change_subset,text_plus_vadlex_emoflow,length_bin,long,3944,0.7167043175876335,0.6965099507949001,0.5981949917376382,0.8937705748290706
transition,change_subset,text_plus_vadlex_emoflow,transition_bin,low,5340,0.7126516198372486,0.6899043979595413,0.5916695879409797,0.8958262967430639
transition,change_subset,text_plus_vadlex_emoflow,transition_bin,high,7472,0.7341392462344043,0.7182692436073432,0.624224968119256,0.8910334871167185
transition,change_subset,text_plus_vadlex_emoflow,distance_bin,high,4250,0.7434841059889847,0.7301753009652886,0.6410409811546515,0.8848972850211624
transition,change_subset,text_plus_vadlex_emoflow,distance_bin,low,4302,0.6904562206125302,0.6444600270066931,0.5579838146489751,0.9054126116517798
transition,change_subset,text_plus_vadlex_emoflow,distance_bin,medium,4260,0.7379620788432684,0.7219311194651251,0.6297043532241794,0.8911706567098616
transition,change_subset,text_plus_vadbert_global,length_bin,short,4286,0.7317230422068203,0.7139686123938436,0.6194783422355647,0.893644544431946
transition,change_subset,text_plus_vadbert_global,length_bin,medium,4582,0.7260963643764595,0.7092701923436485,0.6125429242725465,0.891331790448138
transition,change_subset,text_plus_vadbert_global,length_bin,long,3944,0.7167299417868894,0.6971933517342314,0.5970734587163701,0.8963661686502912
transition,change_subset,text_plus_vadbert_global,transition_bin,low,5340,0.7132837651387398,0.6913228963581444,0.5915954098985982,0.8979975874547648
transition,change_subset,text_plus_vadbert_global,transition_bin,high,7472,0.7331077590660192,0.7173193405848586,0.6228576444512717,0.8907824122022409
transition,change_subset,text_plus_vadbert_global,distance_bin,high,4250,0.7424537698670478,0.7291593935342147,0.6395105938525814,0.8848972850211624
transition,change_subset,text_plus_vadbert_global,distance_bin,low,4302,0.6911398832190911,0.6468271072004387,0.5581433491881254,0.9073456872417012
transition,change_subset,text_plus_vadbert_global,distance_bin,medium,4260,0.7373535555353737,0.7216069801858274,0.6286001858160422,0.8916099275203163
transition,change_subset,text_plus_vadbert_emoflow,length_bin,short,4286,0.7328568134655292,0.7150479621938635,0.6210238374364986,0.8938132733408324
transition,change_subset,text_plus_vadbert_emoflow,length_bin,medium,4582,0.726360478579699,0.7090802753497155,0.613118077173677,0.8909110035766884
transition,change_subset,text_plus_vadbert_emoflow,length_bin,long,3944,0.7179239528263521,0.6976118064339607,0.5997536945812808,0.8940871106609268
transition,change_subset,text_plus_vadbert_emoflow,transition_bin,low,5340,0.7139096516342256,0.6910029092352228,0.5931732549971263,0.896357056694813
transition,change_subset,text_plus_vadbert_emoflow,transition_bin,high,7472,0.7340930551423508,0.7181867882177619,0.6243893852044184,0.890562721652073
transition,change_subset,text_plus_vadbert_emoflow,distance_bin,high,4250,0.7430319068173438,0.7298352134638977,0.6408021250327359,0.8840714359450811
transition,change_subset,text_plus_vadbert_emoflow,distance_bin,low,4302,0.6918905155951623,0.6454552955569719,0.5597577555308367,0.905679242767631
transition,change_subset,text_plus_vadbert_emoflow,distance_bin,medium,4260,0.7385273115932142,0.72262893312956,0.6303082058846363,0.8916099275203163
transition,change_subset,text_plus_all_affective,length_bin,short,4286,0.7328470533750144,0.7153547124118771,0.6228695138752214,0.8899887514060743
transition,change_subset,text_plus_all_affective,length_bin,medium,4582,0.7254006548337067,0.7081765486561298,0.6142565299868671,0.8856511676835682
transition,change_subset,text_plus_all_affective,length_bin,long,3944,0.7187220903825053,0.6989873545386616,0.6020176976018468,0.8915548240060774
transition,change_subset,text_plus_all_affective,transition_bin,low,5340,0.7135666763089384,0.6909680852055275,0.594314166398972,0.8926899879372738
transition,change_subset,text_plus_all_affective,transition_bin,high,7472,0.7341538541517747,0.7185116155874093,0.6265306122448979,0.8864199855631925
transition,change_subset,text_plus_all_affective,distance_bin,high,4250,0.7445497114232822,0.7316786862020751,0.6440224558230662,0.8822648910911531
transition,change_subset,text_plus_all_affective,distance_bin,low,4302,0.6910514999488072,0.6449523775765895,0.5609158148425164,0.8998133582189042
transition,change_subset,text_plus_all_affective,distance_bin,medium,4260,0.7373273992924797,0.7214002645484179,0.6309026285982111,0.8869426751592356
forecast-transition,forecast_change_subset,text_only,length_bin,short,4534,0.6901269226206951,0.6714466372754719,0.5480062794348509,0.9317745035233824
forecast-transition,forecast_change_subset,text_only,length_bin,medium,4135,0.7027236850617843,0.6872491859119558,0.5632064710152442,0.934124527003784
forecast-transition,forecast_change_subset,text_only,length_bin,long,4143,0.6811584449379725,0.6600963715394781,0.5390760927458013,0.9249421225782868
forecast-transition,forecast_change_subset,text_only,transition_bin,low,5340,0.6725744308231173,0.64864089523525,0.5278900343642612,0.9265138721351024
forecast-transition,forecast_change_subset,text_only,transition_bin,high,7472,0.7041809783252398,0.6893394508808333,0.565506876938003,0.9329629978344788
forecast-transition,forecast_change_subset,text_only,distance_bin,high,4250,0.7192165870761047,0.708103888894486,0.5898859692612791,0.9211830288014864
forecast-transition,forecast_change_subset,text_only,distance_bin,low,4302,0.6454755425461365,0.6007961363124532,0.491279980506144,0.9407412345020664
forecast-transition,forecast_change_subset,text_only,distance_bin,medium,4260,0.7045171468903098,0.6899840894244997,0.566388518024032,0.9317482978256096
forecast-transition,forecast_change_subset,text_plus_vadlex_emoflow,length_bin,short,4534,0.6890864680019541,0.6719514859358919,0.5434762506549949,0.941276959214179
forecast-transition,forecast_change_subset,text_plus_vadlex_emoflow,length_bin,medium,4135,0.7015847320439635,0.6870862450276857,0.5581576628482342,0.9442151129457632
forecast-transition,forecast_change_subset,text_plus_vadlex_emoflow,length_bin,long,4143,0.6804416263911675,0.6605192799741897,0.5348529206747525,0.9349335932740344
forecast-transition,forecast_change_subset,text_plus_vadlex_emoflow,transition_bin,low,5340,0.6708175513239593,0.6483297266591057,0.5228069229524991,0.935729794933655
forecast-transition,forecast_change_subset,text_plus_vadlex_emoflow,transition_bin,high,7472,0.7037583421145065,0.6899440197294182,0.5612639363549778,0.943225684963751
forecast-transition,forecast_change_subset,text_plus_vadlex_emoflow,distance_bin,high,4250,0.719971301592363,0.709866325228146,0.5864039216959387,0.9323319913285848
forecast-transition,forecast_change_subset,text_plus_vadlex_emoflow,distance_bin,low,4302,0.64197141182306,0.5995858351909233,0.485043608612701,0.9490067990934542
forecast-transition,forecast_change_subset,text_plus_vadlex_emoflow,distance_bin,medium,4260,0.7042178323545115,0.6905333795102304,0.5624548973299219,0.9415220733582254
forecast-transition,forecast_change_subset,text_plus_vadbert_global,length_bin,short,4534,0.6905625235292953,0.6714591549597729,0.549075211897785,0.9302797352124706
forecast-transition,forecast_change_subset,text_plus_vadbert_global,length_bin,medium,4135,0.7028146230993206,0.6870511403735049,0.5633233067109221,0.934124527003784
forecast-transition,forecast_change_subset,text_plus_vadbert_global,length_bin,long,4143,0.6795262874573839,0.6581520717170017,0.5377351792687256,0.9228707201169734
forecast-transition,forecast_change_subset,text_plus_vadbert_global,transition_bin,low,5340,0.672142056598487,0.6479277400077639,0.527529618736084,0.9259831121833534
forecast-transition,forecast_change_subset,text_plus_vadbert_global,transition_bin,high,7472,0.7039400336836112,0.6886899960941587,0.5657852090522583,0.931362395254684
forecast-transition,forecast_change_subset,text_plus_vadbert_global,distance_bin,high,4250,0.7169910255117475,0.7053926835066415,0.5883949554797921,0.9175183235263756
forecast-transition,forecast_change_subset,text_plus_vadbert_global,distance_bin,low,4302,0.6466117216117216,0.6017251413724021,0.4924332240742032,0.9413411545127316
forecast-transition,forecast_change_subset,text_plus_vadbert_global,distance_bin,medium,4260,0.7047951321828339,0.6900377693475481,0.5667479376106342,0.9317482978256096
forecast-transition,forecast_change_subset,text_plus_vadbert_emoflow,length_bin,short,4534,0.6891407649762405,0.6722794739389041,0.5424638214373314,0.9445334187486654
forecast-transition,forecast_change_subset,text_plus_vadbert_emoflow,length_bin,medium,4135,0.7014117397303895,0.6872061113608503,0.5569227657350908,0.9471390895539502
forecast-transition,forecast_change_subset,text_plus_vadbert_emoflow,length_bin,long,4143,0.6799498581513492,0.6609601604729107,0.5320232646178201,0.9418179602778116
forecast-transition,forecast_change_subset,text_plus_vadbert_emoflow,transition_bin,low,5340,0.6704041272570938,0.6485452785000385,0.5208283233132932,0.9405066344993968
forecast-transition,forecast_change_subset,text_plus_vadbert_emoflow,transition_bin,high,7472,0.7037097488749504,0.6903264998908041,0.559811541243902,0.9471801148667732
forecast-transition,forecast_change_subset,text_plus_vadbert_emoflow,distance_bin,high,4250,0.7198110773749281,0.7100790696311401,0.5847116097623883,0.9360999277382058
forecast-transition,forecast_change_subset,text_plus_vadbert_emoflow,distance_bin,low,4302,0.6408802635412232,0.5995614900025359,0.4827318456500455,0.953139581389148
forecast-transition,forecast_change_subset,text_plus_vadbert_emoflow,distance_bin,medium,4260,0.7048456348395011,0.6916214838357833,0.5615023780050817,0.94646386997584
forecast-transition,forecast_change_subset,text_plus_all_affective,length_bin,short,4534,0.690271382384638,0.6723658697244892,0.5452744327152277,0.9403160367285928
forecast-transition,forecast_change_subset,text_plus_all_affective,length_bin,medium,4135,0.701770895713919,0.6866007150092495,0.5596643242136863,0.940603141841532
forecast-transition,forecast_change_subset,text_plus_all_affective,length_bin,long,4143,0.6809874674442936,0.6604269922185344,0.5365323231260304,0.9318874131838676
forecast-transition,forecast_change_subset,text_plus_all_affective,transition_bin,low,5340,0.6716055380131164,0.6483766671456024,0.5243410180695148,0.9338962605548854
forecast-transition,forecast_change_subset,text_plus_all_affective,transition_bin,high,7472,0.7043349475762848,0.689910314696354,0.5630391069851353,0.9403069390829488
forecast-transition,forecast_change_subset,text_plus_all_affective,distance_bin,high,4250,0.7200255739146071,0.7093804316866411,0.5873781660527431,0.930060906369361
forecast-transition,forecast_change_subset,text_plus_all_affective,distance_bin,low,4302,0.6432549925281891,0.5998911572422442,0.4870731038266356,0.9468737501666444
forecast-transition,forecast_change_subset,text_plus_all_affective,distance_bin,medium,4260,0.704868342371693,0.6905146141418856,0.5643718012217269,0.9385020865363496
