backbone,backbone_model,task,strategy,n_dev,n_test,val_micro_f1,val_macro_f1,test_micro_f1,test_macro_f1,test_micro_p,test_micro_r,model_path
bert_tiny,prajjwal1/bert-tiny,change_subset,text_only,13505,12812,0.6052764860260601,0.6003055744336174,0.6054223832279945,0.6000298888139726,0.6136044059057886,0.597455693314064,model_bert_tiny_change_subset_text_only_test.joblib
bert_tiny,prajjwal1/bert-tiny,change_subset,text_plus_all_affective,13505,12812,0.6695876764136149,0.6666201149385446,0.669640697123061,0.6666173285755117,0.6817599653208803,0.6579447782764128,model_bert_tiny_change_subset_text_plus_all_affective_test.joblib
bert_tiny,prajjwal1/bert-tiny,change_subset,text_plus_vadbert_emoflow,13505,12812,0.6700142811074769,0.6668559180282384,0.66998867935482,0.6667221469682995,0.6820321887989284,0.6583631246672245,model_bert_tiny_change_subset_text_plus_vadbert_emoflow_test.joblib
bert_tiny,prajjwal1/bert-tiny,change_subset,text_plus_vadbert_global,13505,12812,0.6571203484869549,0.6539106261575529,0.6517339221211857,0.6485588665118383,0.6640355204736064,0.6398798204913668,model_bert_tiny_change_subset_text_plus_vadbert_global_test.joblib
bert_tiny,prajjwal1/bert-tiny,change_subset,text_plus_vadlex_emoflow,13505,12812,0.622582427703076,0.6178759059287193,0.6212378781439555,0.6162020158608855,0.6312617776381909,0.611527344641363,model_bert_tiny_change_subset_text_plus_vadlex_emoflow_test.joblib
bert_tiny,prajjwal1/bert-tiny,forecast_change_subset,text_only,13505,12812,0.5832258064516129,0.5764838370850235,0.5721012702380607,0.5645309076618458,0.5832164516702554,0.5614018407241196,model_bert_tiny_forecast_change_subset_text_only_test.joblib
bert_tiny,prajjwal1/bert-tiny,forecast_change_subset,text_plus_all_affective,13505,12812,0.5962047046814829,0.5903739412130417,0.5877643475034661,0.5805173562701743,0.6040052975879922,0.5723739256104055,model_bert_tiny_forecast_change_subset_text_plus_all_affective_test.joblib
bert_tiny,prajjwal1/bert-tiny,forecast_change_subset,text_plus_vadbert_emoflow,13505,12812,0.5979123173277662,0.5919382940790472,0.5868572601855745,0.5796175929176947,0.6039767352935257,0.5706815243021222,model_bert_tiny_forecast_change_subset_text_plus_vadbert_emoflow_test.joblib
bert_tiny,prajjwal1/bert-tiny,forecast_change_subset,text_plus_vadbert_global,13505,12812,0.5909471919530596,0.5846470509882071,0.5850212882042888,0.5777524083111214,0.5998481548820204,0.5709097132425649,model_bert_tiny_forecast_change_subset_text_plus_vadbert_global_test.joblib
bert_tiny,prajjwal1/bert-tiny,forecast_change_subset,text_plus_vadlex_emoflow,13505,12812,0.5850735260222192,0.5787735461653338,0.5755913144629702,0.5676937418731994,0.587063987977537,0.5645584544002434,model_bert_tiny_forecast_change_subset_text_plus_vadlex_emoflow_test.joblib
bert_tiny,prajjwal1/bert-tiny,forecast_next,text_only,20236,18216,0.520843761172685,0.513085206947971,0.5293652025453981,0.520715538620069,0.4855918448702981,0.5818122889017775,model_bert_tiny_forecast_next_text_only_test.joblib
bert_tiny,prajjwal1/bert-tiny,forecast_next,text_plus_all_affective,20236,18216,0.5358132749817651,0.5282471648857202,0.5430124518045636,0.5347600735416047,0.5057545698054338,0.5861963085531029,model_bert_tiny_forecast_next_text_plus_all_affective_test.joblib
bert_tiny,prajjwal1/bert-tiny,forecast_next,text_plus_vadbert_emoflow,20236,18216,0.5357976086322543,0.528380327162981,0.5427378701953371,0.5343909695712358,0.504155813749305,0.587714509910955,model_bert_tiny_forecast_next_text_plus_vadbert_emoflow_test.joblib
bert_tiny,prajjwal1/bert-tiny,forecast_next,text_plus_vadbert_global,20236,18216,0.5330526010091843,0.5252754788366998,0.5405563181395056,0.5322693057150254,0.5028030525388906,0.5844392890041281,model_bert_tiny_forecast_next_text_plus_vadbert_global_test.joblib
bert_tiny,prajjwal1/bert-tiny,forecast_next,text_plus_vadlex_emoflow,20236,18216,0.5239191425077333,0.5168094866910166,0.5330550515158831,0.5242796125456894,0.49042057748799883,0.5838081266418751,model_bert_tiny_forecast_next_text_plus_vadlex_emoflow_test.joblib
bert_tiny,prajjwal1/bert-tiny,state_current,text_only,25295,22770,0.5353436226841526,0.5269039433300815,0.5499602574292967,0.5414261184721151,0.4880984889859822,0.629778612954372,model_bert_tiny_state_current_text_only_test.joblib
bert_tiny,prajjwal1/bert-tiny,state_current,text_plus_all_affective,25295,22770,0.5799135738147048,0.5736101157590443,0.5979326935786607,0.5921471567255845,0.5437542071353014,0.6641024135298609,model_bert_tiny_state_current_text_plus_all_affective_test.joblib
bert_tiny,prajjwal1/bert-tiny,state_current,text_plus_vadbert_emoflow,25295,22770,0.5801484571498681,0.5739816110267411,0.5978444031798688,0.5916611103120302,0.5436180312699043,0.6640877326912913,model_bert_tiny_state_current_text_plus_vadbert_emoflow_test.joblib
bert_tiny,prajjwal1/bert-tiny,state_current,text_plus_vadbert_global,25295,22770,0.5661268556005398,0.5595831221927368,0.5856216401843853,0.5792991515930762,0.5322305716274938,0.6509190204944506,model_bert_tiny_state_current_text_plus_vadbert_global_test.joblib
bert_tiny,prajjwal1/bert-tiny,state_current,text_plus_vadlex_emoflow,25295,22770,0.5447921643573818,0.5365289648333267,0.5623320534320994,0.5540841167605429,0.5030293201116736,0.6374860532033589,model_bert_tiny_state_current_text_plus_vadlex_emoflow_test.joblib
distilbert,distilbert-base-uncased,change_subset,text_only,13505,12812,0.6636363636363637,0.6595845214502056,0.6567415999616546,0.6510984709239118,0.6622073578595318,0.6513653304936488,model_distilbert_change_subset_text_only_test.joblib
distilbert,distilbert-base-uncased,change_subset,text_plus_all_affective,13505,12812,0.6752650663239547,0.6713878171672841,0.6700272166213056,0.6652203684321636,0.6753863987635239,0.6647524149996197,model_distilbert_change_subset_text_plus_all_affective_test.joblib
distilbert,distilbert-base-uncased,change_subset,text_plus_vadbert_emoflow,13505,12812,0.6746057289990345,0.6709976103971269,0.6694203787472207,0.6643701733205547,0.6748009892572842,0.6641248954134022,model_distilbert_change_subset_text_plus_vadbert_emoflow_test.joblib
distilbert,distilbert-base-uncased,change_subset,text_plus_vadbert_global,13505,12812,0.6679836449671521,0.6636404585079514,0.6626937743116101,0.6577589179781305,0.6678252809639671,0.6576405263558226,model_distilbert_change_subset_text_plus_vadbert_global_test.joblib
distilbert,distilbert-base-uncased,change_subset,text_plus_vadlex_emoflow,13505,12812,0.6666666666666666,0.6627342988651346,0.6583441200441057,0.652641837031736,0.6639526563134586,0.6528295428614893,model_distilbert_change_subset_text_plus_vadlex_emoflow_test.joblib
distilbert,distilbert-base-uncased,forecast_change_subset,text_only,13505,12812,0.6066550554587955,0.598151760998004,0.589931658484936,0.5804414812238827,0.5973256403259132,0.5827184909104739,model_distilbert_forecast_change_subset_text_only_test.joblib
distilbert,distilbert-base-uncased,forecast_change_subset,text_plus_all_affective,13505,12812,0.6061776061776062,0.5977567518646427,0.5943672275054864,0.5853841221115208,0.6018049274910339,0.5871111280139956,model_distilbert_forecast_change_subset_text_plus_all_affective_test.joblib
distilbert,distilbert-base-uncased,forecast_change_subset,text_plus_vadbert_emoflow,13505,12812,0.606503168917057,0.5982294073141328,0.5950856549576051,0.5859904690503586,0.6017614807325893,0.5885563246367993,model_distilbert_forecast_change_subset_text_plus_vadbert_emoflow_test.joblib
distilbert,distilbert-base-uncased,forecast_change_subset,text_plus_vadbert_global,13505,12812,0.6062660315133749,0.597565270837368,0.5914986145320197,0.5824753108130802,0.5986406481265093,0.5845249866889785,model_distilbert_forecast_change_subset_text_plus_vadbert_global_test.joblib
distilbert,distilbert-base-uncased,forecast_change_subset,text_plus_vadlex_emoflow,13505,12812,0.6058853234173438,0.5976622683044885,0.5908132921442388,0.5814930560429119,0.5980944216043489,0.5837073096523921,model_distilbert_forecast_change_subset_text_plus_vadlex_emoflow_test.joblib
distilbert,distilbert-base-uncased,forecast_next,text_only,20236,18216,0.6175954365949978,0.6049973825569761,0.6056205335600542,0.5920333915736894,0.5495794814763328,0.6743884548463034,model_distilbert_forecast_next_text_only_test.joblib
distilbert,distilbert-base-uncased,forecast_next,text_plus_all_affective,20236,18216,0.6200160948130807,0.6070269569737682,0.607076435960099,0.593703014378464,0.5524055944055944,0.6737572924840504,model_distilbert_forecast_next_text_plus_all_affective_test.joblib
distilbert,distilbert-base-uncased,forecast_next,text_plus_vadbert_emoflow,20236,18216,0.6199305174620588,0.607021686900143,0.6078267214562771,0.5943029874178377,0.5528341693096559,0.6749684418818873,model_distilbert_forecast_next_text_plus_vadbert_emoflow_test.joblib
distilbert,distilbert-base-uncased,forecast_next,text_plus_vadbert_global,20236,18216,0.6184556887978941,0.6056030102618974,0.6061581375388907,0.5927340741645856,0.5502838379341051,0.6746613899218723,model_distilbert_forecast_next_text_plus_vadbert_global_test.joblib
distilbert,distilbert-base-uncased,forecast_next,text_plus_vadlex_emoflow,20236,18216,0.6177276213432672,0.6051193518553357,0.6066804149002231,0.5930908592661647,0.5509405589050251,0.6749684418818873,model_distilbert_forecast_next_text_plus_vadlex_emoflow_test.joblib
distilbert,distilbert-base-uncased,state_current,text_only,25295,22770,0.6490288844621513,0.6382675915058289,0.6446324314761059,0.6327955858350276,0.5821527901059235,0.7221357683950907,model_distilbert_state_current_text_only_test.joblib
distilbert,distilbert-base-uncased,state_current,text_plus_all_affective,25295,22770,0.6570331762429388,0.6462238387826977,0.6544017389586009,0.6430236555821628,0.5934837931158078,0.7292559751012978,model_distilbert_state_current_text_plus_all_affective_test.joblib
distilbert,distilbert-base-uncased,state_current,text_plus_vadbert_emoflow,25295,22770,0.6570108627793732,0.6461818715511134,0.6540824996212895,0.6427478696773268,0.5931434032132832,0.7289770391684773,model_distilbert_state_current_text_plus_vadbert_emoflow_test.joblib
distilbert,distilbert-base-uncased,state_current,text_plus_vadbert_global,25295,22770,0.6526138804994239,0.6417741162148473,0.6500416499957367,0.638751459322159,0.5875037050210445,0.7274795936343884,model_distilbert_state_current_text_plus_vadbert_global_test.joblib
distilbert,distilbert-base-uncased,state_current,text_plus_vadlex_emoflow,25295,22770,0.6502008907714829,0.6394953797844989,0.6464145972197645,0.6348086679057336,0.5838671102639088,0.7239708732162781,model_distilbert_state_current_text_plus_vadlex_emoflow_test.joblib
